indonesian,palembang
aba,baba
aba,bak
aba-aba,aba-aba
aba-aba,ancang-ancang
abad,abad
abadi,abadi
abadi,kekal
abang,kuyung
abangnya,kuyungnye
abdi,hamba
abses,basi
abses,busuk
absolut,luar biaso
abstrak,abstrak
abu,abu
abu,lebu
abu-abu,abu-abu
acar,acar
acara,acara
adanya,adenye
adapula,adepulek
adapun,adepun
adat,adat
adegan,adegan
adik,adek
adil,adel
administrasi,administrasi
administrasi,biaya
agam,suke
agama,agama
agamanya,agamanye
agen,agen
agenda,agenda
agenda,rencana
ahli,ahli
ahli,master
air,ayo
airku,ayo ku
airnya,ayo nye
ajarannya,ajoannye
akal,akal
akan,nak
akar,ako
akhir,akhir
aksen,gaya
aksen,reaksi
akses,akses
akses,jalan liwat
aksi,aksi
aksi,pertunjukan
akta,akte
aktivitas,gawe
aktris,artis
aku,awak
akuntan,akuntan
akut,bangat
alam,alam
alamat,alamat
alamnya,alamnye
alarm,alaram
alasannya,alasannye
alat,alat
alat,perangkat
alatnya,alatnye
album,album
alien,alien
alim,alem
aliran,aleran
alkohol,alkohol
almanak,kalender
almarhum,almarhum
almarhum,mendiang
alquran,kroan
alternatif,alternatif
alternatif,carek 
alternatif,solusi
amal,amal
amatir,amater
ambil,ambek
ambisi,ambisi
ambisi,semangat
ambulans,ambulan
amis,ames
amplop,amplop
ampun,ampun
anak,budak
anaknya,anaknye
ancaman,ancaman
andalan,andalan
aneh,aneh
aneka,ragam
anestesi,sontek
anggota,anggota
anggotanya,anggotanye
anggrek,anggrek
angin,angen
angka,nomor
angka,angko
angkasa,angkaso
angkat,angkat
angkatan,angkatan
angkot,mobel
angkut,angkut
angkutan,angkutan
anjing,kuyuk
anjungan,anjungan
antara,antare
antaranya,antarenye
antena,antena
antibiotik,antibiotik
anting,subang
anugerah,anugrah
anyaman,anyaman
anyar,baru
apa,ape
apabila,ape bilo
apakah,apekeh
apartemen,apartemen
apel,apel
api,api
aplikasi,aplikasi
april,april
arah,arah
arahan,arahan
arahan,penjelasan
arahan,petunjuk
area,lokasi
argumen,argumen
argumen,badebat
aroma,bau
aroma,ma'u
arsip,arsip
arsitekturnya,arsitekturnye
artikel,artikel
artikelnya,artikelnye
artinya,artinye
artis,artis
arus,aros
asalkan,asalke
asam,masam
asap,asap
asisten,anak buah
asisten,anak kapak
asisten,asisten
asli,asli
aslinya,aslinye
asosiasi,asosiasi
astronot,astronot
asumsi,asumsi
asumsi,pandangan
asuransi,asuransi
atap,atap
atapnya,atapnye
atas,pucuk
atasnya,pucuknye
atau,atau
ataupun,ataupun
atlet,atlet
atlet,olahragawan
atmosfer,atmosfer
atur,susun
aturan,aturan
audisi,audisi
awak,awak
awalan,pertamo
awalnya,awalnye
awalnya,pertamonye
awan,awan
awas,minggir
awasi,ngawas
ayah,abah
ayah,baba
ayah,bak
ayahnya,baba nye
ayahnya,bak nye
ayam,ayam
ayat,ayat
ayolah,barengot
azan,ngebang
baba,bak
babak,ronde
babat,tebas
babat,tetak
babi,sebawa
baca,bace
bacaan,bacean
bacakan,baceke
badai,angin ribut
badan,awak
badan,badan
badannya,awaknye
badut,badut
bagai,mak
bagaimana,makmane
bagaimanapun,makmane bae
bagi,bage
bagian,bagean
baginda,baginda
baginda,raje
baginya,bagenye
bagus,rengkeh
bahagian,bagean
bahan,bahan
bahannya,bahannye
bahasa,base
bahasanya,basenye
bahaya,bahayo
bahwasanya,bahwasannye
baiknya,baiknye
baja,baje
bajingan,kurang ajar
baju,baju
bajunya,bajunye
bakal,bakal
bakar,tunu
bakat,bakat
bakat,kepacakan
bakatnya,bakatnye
bakso,bakso
baku,baku
balai,balai
balap,balap
balapan,balap
balapan,balapan
balapan,balomba
balas,balas
balasan,balasan
balet,balet
balik,balek
balkon,balkon
balkon,gaghang
balkon,lencag
balkon,teras
bambu,bulu
ban,ban
band,band
band,ben
bandar,toke
bandara,bandara
banding,banding
banding,manding
bandit,bandit
bang,yung
bangga,bangga
bangkai,buntang
bangkit,bangon
bangkit,tegak
bangkrut,bangkrut
bangkrut,rubuh
bangku,bangku
bangku,kresi
bangsa,bangsa
bangsal,bangsal
bangsal,tenda
bangsanya,bangsanye
bangsawan,bangsawan
bangun,bangon
bangunan,bangonan
bangunlah,bangonlah
bangunlah,tegakelah
bangunnya,bangonnye
banjir,banjer
bank,bank
bantal,bantal
banteng,banteng
banting,dempas
banting,duntal
bantuan,bantuan
banyak,banyak
banyaknya,banyaknye
bapa,bapa
bapak,aba
bapak,baba
bapak,bak
bapak,bapak 
bapaknya,aba nye
bapaknya,bapuknye
bar,bar
bara,baghe
barah,aghang
barang,barang
barat,barat
baring,ngolek
baris,bares
barisan,baresan
baru,anyar
baru,baru
barunya,anyarnye
basa,basa
basi,basi
basuh,basuh
bata,bate
batang,batang
batangan,batangan
batangnya,batangnye
batas,batas
batasnya,batasnye
baterai,batre
baterai,batu batre
batin,batin
batu,batu
batuk,lela
bau,embau
baunya,mawnye
baunya,mbaunye
bawa,bawa
bawa,unde
bawahan,anak buah
bawahan,bawahan
bawahnya,bawahannye
bawang,bawang
bayam,bayam
bayang,bayang
bayangan,bayangan
bayangkan,bayangke
bayar,bayo
bayar,mayo
bayaran,bayoan
bayaran,bonus
bayaran,cengkonok
bayaran,persenan
bayaran,upah
bayi,budak abang
beasiswa,beasiswa
beban,beban
bebas,bebas
beberapa,beberape
becak,becak
beda,laen
bedah,budes
bedah,operasi
bedanya,laennye
begini,mikak
begitu,mitu
begitulah,mitulah
begitupun,mitupun
bekas,kas
bekas,sise
bekerja,begawe
bel,bel
bel,lonceng
belajar,bajo
belakang,belakang
belakangan,belakangan
belakangnya,belakangnye
belalang,blalang
belanda,belando
belati,lading
beliau,die
beliau,dio
belida,belide
belok,belok
belok,putar
belum,lum
benang,benang
benar,beno
benarkah,sabenoknye
bencana,bencana
bencana,malapetake
bencana,musibah
benci,luat
benda,banda
benda,benda
bendera,bendera
benderanya,benderanye
bendungan,bendungan
bengkak,bengkak
bengkel,bengkel
benih,bibit
bensin,bensin
benteng,benteng
bentuk,bentuk
bentuknya,bentuknye
benturan,tantuk
benua,benua
berada,berade
beradaptasi,baadaptasi
beradik,beradek
beradu,beradu
beradu,betumbur
beragam,beragam
beragama,baagama
berair,ba ayo
berakal,bakal
berakhir,abis
berakhir,tamat
berakibat,baakibat
beralasan,baalasan
beralih,pindah
beranak,banak
berangin,berangen
berangkat,mintar
berangkat,pegi
berani,jaguk
berani,melawan
beraroma,bamau
beras,beghas
berasa,berasek
berat,beghat
beratap,baatap
beratnya,beghatnye
berbagi,babage
berbahasa,babase
berbahaya,bahayo
berbaju,babaju
berbakat,babakat
berbalas,babalas
berbalik,babaleg
berbanding,babanding
berbatasan,babatasan
berbaur,babaur
berbeda,babeda
berbeda,laen
berbedak,bapupur
berbedak,bebedak
berbentuk,babentuk
berbincang,babincang
berbincang,bacarito
berbintang,babintang
berbisa,babise
berbisnis,babisnis
berbohong,mudi
berbuah,babuah
berbuat,babuat
berbudaya,babudaya
berbudaya,babudaye
berbukit,babukit
berbumbu,babumbu
berbunga,babunge
berbunyi,basuaghe
berburu,baburu
bercabang,bacabang
bercahaya,bacahaye
bercahaya,becahaye
bercampur,bacampur
bercerai,bacerai
bercerai,bapisah
bercerai,saghak
bercerita,bacarito
bercinta,bakule
bercocok,batanam
bercorak,bacorak
berdagang,badagang
berdagang,jualan
berdakwah,ceramah
berdampingan,badampengan
berdampingan,sebelahan
berdarah,badagha
berdasarkan,bedasarke
berdaun,badaun
berdecak,badecak
berdekatan,bapaghak
berdesakan,basempitan
berdiam,badiam
berdinas,badinas
berdiri,cagak
berdiri,tegak
berdirinya,badirinye
berdoa,badoa
berdua,badue
berduri,badughai
berenang,barenang
beresiko,baresiko
berfikir,bafikir
berfungsi,bafungsi
bergabung,bagabung
bergantian,bagentiali
bergantung,bagayut
bergaris,bagaris
bergaya,begaye
bergelombang,bagalombang
bergelut,beloreh
bergengsi,bagengsi
bergerak,bagerak
berguna,bagunek
bergurau,baloreh
berguru,baguru
berharap,baharap
berharga,barege
berhubungan,bahubungan
beri,njuk
berikan,enjukke
berikutnya,berikutnye
beriman,baiman
beringin,brengen
berisi,bisi
berita,brita
beritahu,njuk tau
berjalan,bajalan
berjanji,bajanji
berjarak,bajarak
berjasa,bajasa
berjauhan,bajauan
berjaya,bajaye
berjualan,bajualan
berjuang,bajuang
berjudul,bajudul
berjumlah,bajumlah
berkabar,bakabar
berkah,berkah
berkaitan,bakaitan
berkaki,bekaki
berkali,baulang
berkantor,bakantor
berkapasitas,bakapasitas
berkarakter,bakarakter
berkarir,bakarer
berkarya,bakarya
berkas,berkas
berkat,berkat
berkata,bakate
berkata,ngomong
berkawan,bakawan
berkayu,dayung
berkecimpung,bakacimpung
berkecimpung,tejun
berkedudukan,bakadudukan
berkeinginan,bakainginan
berkekuatan,bakakuatan
berkelahi,belageh
berkelanjutan,basambung
berkelebihan,balebian
berkeliling,bakaliling
berkelompok,bakalompok
berkeluarga,bakaluarga
berkemah,bakemah
berkemampuan,pacak
berkembang,bakembang
berkembangnya,bakembangnye
berkenalan,bakenalan
berkepanjangan,bakapanjangan
berkerumun,bakaromon
berkesimpulan,bakasimpulan
berketombe,bakatombe
berketurunan,bakaturunan
berkisah,bakiso
berkisar,bakisar
berkolaborasi,bakolaburasi
berkompetisi,basaing
berkomunikasi,bakamonikasi
berkonsultasi,bakonsultasi
berkuasa,bakuase
berkuasa,bakuaso
berkuliah,kuliah
berkulit,bakulit
berkumpul,bakumpul
berkunjung,tandang
berkurang,nyusut
berlabuh,belabuh
berlaga,balomba
berlaga,belage
berlaku,blaku
berlakunya,belakunye
berlalu,laliwat
berlalu,lewat
berlandaskan,belandaske
berlangsung,balansung
berlangsung,mulai
berlangsungnya,balangsungnye
berlanjut,balanjut
berlantai,bagaladag
berlapis,balapis
berlari,balaghai
berlatih,balatih
berlawanan,balawanan
berlayar,balayar
berlebih,balebih
berlebihan,balebian
berlebihan,tapaliwat
berlian,berlian
berlibur,blibur
berlima,balime
berlimpah,malimpoh
berlindung,berteduh
berlindung,samunyi
berlipat,balipat
berlokasi,balokasi
berlomba,balomba
berlomba,batanding
berlubang,balubang
bermacam,bamacam
bermain,bamain
bermakna,bamakna
bermaksud,bamaksud
bermalam,temalam
bermanfaat,bamanfaat
bermarkas,bamarkas
bermasalah,bamasalah
bermasyarakat,bamasyarakat
bermotor,bamotor
bermuara,bamuare
bermukim,bamukim
bermula,awalnye
bermula,bamula
bermusyawarah,musyawaroh
bernafas,banafas
bernama,baname
bernaung,balindung
berniat,baniat
bernilai,barege
bernomor,banomor
bernuansa,banuansa
bernutrisi,banutrisi
bernyanyi,banyanyi
berolahraga,baolahraga
beroperasi,baoprasi
berpacaran,bakule
berpacaran,basindo
berpacu,balap
berpacu,basaing
berpakaian,babaju
berpangkat,bapangkat
berpartisipasi,bapartisipasi
berpasangan,bapasangan
berpecah,bapencar
berpegang,bapegang
berpeluh,bakaringat
berpendapat,bapandapat
berpendidikan,bapendidikan
berpenduduk,bapanduduk
berpengaruh,bapengaruh
berpenglihatan,bapangelek
berperan,baperan
berperang,baperang
berpidato,bapidato
berpihak,bapihak
berpindah,bapindah
berpisah,bacerai
berpisah,bapisah
berpisah,saghak
berpolitik,baplitik
berpori,bapori
berposisi,baposisi
berpotensi,bapotensi
berprestasi,baprestasi
berprofesi,baprofesi
berpuasa,bapuase
berpuluh,bapuluh
berpura,icek icek
berpusat,bapusat
berputar,baputar
bersabda,basabda
bersahabat,bakanti
bersahabat,berkawan
bersahabat,berteman
bersaing,basaing
bersaksi,basaksi
bersalah,basalah
bersalaman,salaman
bersamanya,besamenye
bersambung,basambung
bersandar,basender
bersanding,duduk bedue
bersatu,basatu
bersaudara,badulur
bersebelahan,baparak
bersegi,basegi
bersejarah,basejarah
bersekolah,basekolah
bersekutu,basekutu
bersemangat,basemangat
bersembunyi,basamunyi
bersenjata,basenjate
bersiap,basiap
bersifat,basifat
bersih,bersih
bersikap,basikap
bersila,basile
bersilat,basilat
bersimpati,basimpati
bersin,bersin
bersinar,basinar
bersinggungan,basinggung
bersisik,basisik
berstatus,bastatus
bersua,batemu
bersuami,balaki
bersuku,basuku
bersuling,basuling
bersumber,basumber
bersumpah,basumpah
bersungguh,sabenok
bersurat,basughat
bersyukur,basyukur
bertahap,batahap
bertahun,bataun
bertajuk,batajuk
bertambah,batambah
bertambahnya,batambahnye
bertamu,batamu
bertamu,batandang
bertanda,batande
bertanding,balomba
bertangga,batange
bertanggungjawab,batanggung jawab
bertangkai,batangkai
bertani,batani
bertanya,batanye
bertarung,belage
bertarung,duel
bertarung,lombah
bertatapan,salingkelik
bertekad,batekad
bertelur,batelok
bertema,batema
bertemakan,batemanke
bertempat,batempat
bertemu,batemu
bertenaga,batanage
bertengkar,balageh
bertengkar,ribut
bertentangan,batentangan
bertepatan,batepatan
berteras,bateras
berteriak,batariak
berteriak,ceghik
bertiga,batige
bertindak,batindak
bertingkat,batingkat
bertuah,batuah
bertualang,batualang
bertuan,batuan
bertugas,batugas
bertujuan,batujuan
bertukar,batuko
bertulang,batulang
bertumpuk,batumpuk
berturut,baturut
bertutur,bekate
beruang,beruang
berubah,baubah
berujung,baujung
berukuran,baukuran
berulang,baulang
berumah,baumah
berumur,baomor
berunding,brunding
beruntun,bruntun
berupa,baupek
berupaya,baupayo
berupaya,berupaye
berusaha,barusahe
berusaha,bausaho
berusia,baumur
bervariasi,bavariasi
berwarna,bawarne
besar,besok
besarnya,besoknye
beserta,baserte
besi,besi
besok,isuk
betapa,alangke
betina,betine
betis,betis
beton,beton
betul,benoh
betul,betul
biar,kaike
biar,kaikela
biara,biara
biara,biare
biarpun,naseknye
biasanya,biasonye
biaya,biaya
biaya,dana
biaya,ongkos
biayanya,biayanye
bicara,ngomong
bicaranya,omonganye
bidadari,bidadari
bidang,bidang
bidangnya,bidangnye
bihun,mihun
biji,ijat
bila,amon
bilal,ughang ngebang
bilang,omong
biliar,bliar
bilik,bilik
bilik,gudang
binatang,binatang
bintang,bintang
binti,anak dai
bintik,tande
biola,biola
biologi,biologi
bir,bir
biru,biru
bisa,pacak
bisakah,pacakdak
bisnis,dagang
bisu,bisu
bisu,ube
bius,bius
blok,blok
blok,lorong
bocah,budak
bodi,awak
bodi,tubuh
bodoh,bengak
bodoh,buyan
bohong,mudi
bola,bol
bolanya,bolanye
bolu,bolu
bom,bum
boneka,boneka
bonus,bonus
bonus,pã¨rsã¨nan
bonus,upah
borgol,borgol
bos,bos
botol,botol
botol,geda
buah,buah
buahan,buahan
buahnya,buahnye
buang,buang
buatan,buatan
buaya,buaye
bubar,bubar
bubuk,bobok
bubuk,bubuk
bubur,boboh
budak,kuli
budaknya,budaknye
budaya,budaye
budayanya,budayenye
buih,boeh
bujang,lanang
bujangan,bujang
bujangan,bujangan
buka,bukak
bukan,dak nia
bukankah,bukannye
bukanlah,daklah
bukannya,bukannye
bukit,bukit
bukti,tande
buktinya,buktinye
buku,buku
buku,kitab
bukunya,bukunye
bulan,bulan
bulanan,bulanan
bulannya,bulannnye
bulat,buntok
bulu,bulu
buluh,buluh
bulunya,buluhnye
bulutangkis,bolatangkis
bumbu,bumbu
bumbunya,bumbunye
bumi,bomi
bunda,induk
bunda,mak
bunda,umak
bunda,umbuk
bundar,buntok
bundaran,bundaran
bunga,bunge
bunganya,bungenye
bungkuk,bungkuk
bungkus,bungkus
bungsu,pisat
buntu,buntu
buntu,katek duã¨t
buntu,suek sen
bunuh,bonoh
bunyi,bunyi
bunyi,suare
buru,kejar
buruannya,buruannye
buruh,baburu
buruh,kuli
burung,burung
bus,bis
busana,baju
buta,bute
butuhkan,butuhke
cabai,cabik
cabang,tangkai
cabangnya,tangkainye
cabe,cabik
cacar,cacar
cacar,campak
cacing,caceng
cacing,cacing
cadangan,cadangan
cadangan,serap
cahaya,caye
cahayanya,cahayanye
cair,encer
cakar,cakar
cakar,kekuk
calon,bakal
calon,calon
cambuk,cambuk
cambuk,pecut
campur,campur
campuran,campuran
canda,lore
cangkul,cangkol
cantik,rengkeh
cap,cap
cap,stempel
cara,carek
caranya,careknye
cari,tuntut
carter,siwe
cat,cet
catatan,catatan
catatannya,catatannye
catur,catur
cawan,cangkir
cedera,luke
cek,cek
celaka,celake
celana,cuan
celana,span
cemburu,cemburu
cempaka,cempake
cendawan,jamur
cendawan,tenawan
cendol,cenol
cepat,gancang
cepatlah,ngot gancang
cepatnya,gancangnia
cerdas,calag
cerdas,pintar
cerdik,calag
cerdik,cerdik
ceria,gamerah
cerita,carito
ceritakan,ceritoke
ceritanya,ceritonye
cermin,kasene
cerpennya,cerpennye
cetak,cetak
cetak,nyetak
cewek,betine
cewek,gadis
china,cine
cicil,kredit
cilik,kecik
cina,cine
cincin,cincin
cinta,cinta
cintanya,cintanye
ciptaan,ciptoan
ciptaannya,ciptaannye
ciptanya,ciptanye
ciri,ciri
cirinya,cirinye
ciuman,ciuman
coba,cubo
cobalah,cubolah
cocok,pas
cokelat,coklat
coklat,ceklat
coklat,coklat
colok,cucuk
contohnya,contohnye
corak,warne
coraknya,coraknye
coraknya,warnenye
cowok,bujang
cowok,lanang
cuaca,cuaca
cuci,nyesah
cucu,cucung
cucunya,cucungnye
cucur,cocor
cuka,cuke
cukup,jadilah
cukur,cukur
cuma,cuma
dada,dade
daerah,tempat
daerahnya,daerahnye
daftar,daftar
dagang,nyual
daging,daging
dagingnya,dagingnye
dahi,keneng
dahulu,dulu
dahulu,empaikak
dahulunya,dulunye
dahulunya,empaikak
dalam,dalam
dalamnya,dalamnye
dampak,akibat
dampak,efek
dana,biaya
dana,ongkos
danau,danau
dangkal,sughut
dansa,dansa
dansa,nyoget
dapatkan,dapatkeh
dapur,dapo
dara,dagha
darah,dagha
darahnya,daghanye
darat,daghat
daratan,daghat
dari,dai
darinya,dainye
daripada,daipade
darurat,gawat
dasar,dasar
dasarnya,dasarnye
data,data
datang,datang
datangnya,datangnye
datar,datar
datar,rate
dataran,dataran
datuk,nek anang
datuknya,nek anangnye
daun,daun
daunnya,daunnye
daya,tenaga
dayung,kayu
debat,badebat
debu,lebu
dekat,paghak
dekatnya,paraknye
dekorasi,dekorasi
dekorasi,ngias
delapan,lapan
demam,demam
demam,sakit
demam,sonop
demi,demi
demikian,mitulah
demokrasi,demokrasi
demonstrasi,demon
denda,dende
dendam,dendam
dendang,lagu
dengan,kanti
dengan,ngen
dengannya,kantinye
dengannya,ngennye
dengar,dengo
dengarkan,dengoke
denyut,denyut
denyut,detak
depan,depan
departemen,kantor
depresi,depresi
depresi,tatekan
deputi,deputi
derajat,derajat
deras,deghas
derek,derek
deret,leret
deretan,leretan
dering,dering
derita,derito
dermawan,baek ati
desa,dusun
deskripsi,deskripsi
deskripsi,nyelaske
detektif,detektif
detik,detik
dewa,dewa
dewan,dewan
dewasa,dewasa
dia,die
diabadikan,diabadike
diabaikan,dabaike
diabetes,diabetes
diadakan,diadeke
diadakannya,diadekenye
diaduk,daduk
diajak,dajak
diajari,dajoh
diajarkan,dajohke
diajukan,diajuke
diaktifkan,diaktifke
diakui,diakui
dialami,dialami
dialaminya,dialaminye
dialiri,dalir
dialog,bacarito
dialog,ngomong
diam,diam
diamalkan,diamalke
diambil,dambek
diamlah,diamlah
diancam,dancam
dianggap,danggap
diangkat,dangkat
diangkut,dangkut
dianjurkan,anjurke
dianjurkan,danjurke
diantara,diantare
diantaranya,diantarenye
diarahkan,diarahke
diarak,darak
diare,mencret
diartikan,diartike
diasingkan,diasingke
diasuh,dasuh
diatas,dipucuk
diatur,datur
dibabat,ditebas
dibaca,dibace
dibacakan,dibaceke
dibagi,bage
dibagikan,dibagike
dibakar,ditunuh
dibalik,balike
dibandingkan,dibandingke
dibangun,dibangon
dibantai,dibantai
dibantu,ditulung
dibasuh,dibasuh
dibatalkan,dibatalke
dibawa,dibawa
dibawakan,dundeh
dibayangkan,dibayangke
dibebaskan,dibebaske
dibedakan,dibedake
dibenamkan,dibenamke
diberhentikan,diberentike
diberi,denyuk
diberikan,denyuke
dibersihkan,dibersihke
dibesarkan,dibesoke
dibiayai,dongkoske
dibiayai,modalke
dibicarakan,domongke
dibilang,ditung
dibilang,reken
dibolehkan,dibolehke
dibongkar,dibungkar
dibuang,dibuang
dibuat,dibuat
dibuatkan,dibuatke
dibuatnya,dibuatnye
dibubarkan,dibubarke
dibudidayakan,dibudayake
dibuka,dibukak
dibuktikan,dibuktike
dibungkus,dibungkus
dibunuh,dibonoh
dibutuhkan,dibutuhke
dicalonkan,dicalonke
dicampur,dicampur
dicanangkan,dicanangke
dicap,dinilai
dicari,dituntut
dicatat,dicatet
dicegah,ditega
diceritakan,diceritoke
dicetak,dicetak
diciptakan,diciptake
dicirikan,dicirike
dicuci,dicuci
dicurigai,dicurigai
didaerah,didaerah
didalamnya,didalamnye
didapatkan,didapatke
didatangkan,didatangke
didengar,didengoh
didengarkan,didengohke
dideritanya,dideritanye
dideskripsikan,dideskripsike
didirikan,didirike
didirikannya,didirikenye
didistribusikan,didistribusike
didokumentasikan,didokumentasike
diekspresikan,diekspresike
diet,diet
digabungkan,digabungke
digambarkan,digambarke
diganti,tukoh
digantikan,digantike
digantikan,ditukoh
digelar,dibentang
digerakkan,digerakke
digolongkan,digolongke
digorok,disembelih
digosipkan,dikateke
digunakan,digunekke
digunakannya,digunekkenye
dihabiskan,dabiske
dihadapkan,dadapke
dihadiahkan,dihadiahke
dihaluskan,dihaluske
dihancurkan,dancurke
dihapus,dapus
diharapkan,diharapke
diharuskan,diharuske
dihasilkan,dihasilke
dihasilkannya,dihasilkenye
dihasut,dasut
dihembus,dembus
dihentikan,dentike
dihias,dandan
dihias,dias
dihidangkan,disajike
dihidupkan,dihidupke
dihimbau,dimbau
dihimpun,dimpun
dihitung,ditung
dihubungkan,dubungke
dihukum,dokom
dihuni,tungu
diikat,kebat
diikat,kujut
diikuti,turutke
diinginkan,diinginke
diinginkannya,diinginkenye
diiringi,diring
diisi,disi
diizinkan,dizinke
dijadikan,dijadike
dijaga,dijago
dijalaninya,dijalaninye
dijalankan,dijalanke
dijanjikan,dijanjike
dijelaskan,dijelaske
dijodohkan,dijodohke
dijumlahkan,dijumlahke
dikabarkan,dikabarke
dikacau,dadog
dikaitkan,dikaitke
dikalahkan,dikalahke
dikandangkan,dikandangke
dikarenakan,dikarneke
dikatakan,kateke
dikategorikan,dikategorike
dikebumikan,dikubur
dikelompokkan,dikelompokke
dikeluarkan,dikeleghoke
dikeluarkannya,dikeleghokenye
dikembalikan,dibalekke
dikembangkan,dikembangke
dikemukakan,dikemukake
dikenakan,dikeneke
dikenalkan,dikenalke
dikenang,dingat
dikendalikan,dikendalike
dikeringkan,dikeghingke
dikerjakan,gaweke
dikerjakannya,gawekenye
diketuai,dikepalak
dikirimkan,dikirimke
dikisahkan,diceritoke
dikombinasikan,dikombinasike
dikonsumsi,dimakan
dikubur,ditanam
dikuburkan,ditanamkan
dikumpulkan,dikumpulke
dikuras,dibersihke
dilagukan,dinyayike
dilahirkan,dilahirke
dilaksanakan,dilaksanake
dilakukan,dilakuke
dilakukannya,dilakukenye
dilancarkan,dilancarke
dilangsungkan,dilangsungke
dilanjutkan,dilanjutke
dilaporkan,dilaporke
dilayani,diladeni
dilekatkan,dilekatke
dilengkapkan,dilengkapke
dilepaskan,dilepaske
diletakkan,didudukke
dilihat,dikelik
diluar,diluo
dilumuri,doleske
dimainkan,dimaenke
dimakamkan,dimakamke
dimaksudkan,dimaksudke
dimana,dimane
dimanfaatkan,dimanfaatke
dimasukkan,dimasukke
dimekarkan,dimekarke
dimenangkan,dimenangke
diminta,dimintek
dimintai,dimintekke
dimulainya,dimulainya
dimungkinkan,dimungkinke
dimusyawarahkan,dimusyawarake
dinaikkan,dinaikke
dinamakan,dinameke
dinas,dinas
dinas,tugas
dindingnya,dindingnye
dinobatkan,dinobatke
dinyanyikan,dinyanyike
dinyatakan,dinyateke
diobati,diubatke
dipadukan,dipaduke
dipakainya,dipakainye
dipaksa,dipakso
dipamerkan,dipamerke
dipanaskan,panaske
dipancarkan,dipancarke
dipandang,dikelik
dipastikan,dipastike
dipatenkan,dipatenke
dipegangnya,dipegangnye
dipenjarakan,dipenjaroke
dipensiunkan,dipensiunke
dipentaskan,dipentaske
diperankan,diperanke
dipercaya,dipecaye
diperdengarkan,didengokeh
dipergunakan,digunekke
diperhatikan,diperhatike
diperiksa,perikse
diperintah,diprentah
diperintahkan,diperintahke
diperintahkan,disuruh
diperkenalkan,dikenalke
diperkirakan,diperkirake
diperlihatkan,ditunjukke
diperluas,dibesokke
diperlukan,diperluke
diperoleh,dapat
dipersembahkan,dipersembahke
dipertandingkan,ditandingke
dipertanyakan,dipertanyeke
dipertemukan,dipertemuke
dipertimbangkan,dipertimbangke
dipindahkan,dipindahke
dipinjamkan,pinjamke
dipinjamnya,dipinjamnye
dipisahkan,dipisahke
dipromosikan,dipromosike
dipublikasikan,dipublikasike
diraihnya,diraihnye
dirasakan,dasekke
dirayakan,dirayake
direbus,debos
direkomendasikan,direkomondasike
direktur,kepala kantor
direncanakan,direncanake
direndam,denam
diresmikan,diresmike
diri,awak
diriwayatkan,diriwayatke
disahkan,disahke
disajikan,disajike
disamakan,disameke
disambung,sambung
disampaikan,disampaike
disana,disitu
disandingkan,disandengke
disangka,disangko
disangkutkan,dikaitke
disarankan,saranke
disebabkan,disebabke
disebarkan,sebarke
disebutkan,disebutke
disediakan,disediake
diseduh,dicelup
disegani,ditakutke
diselamatkan,diselamatke
diselenggarakan,diselenggarake
diselesaikan,diselesaike
diserahkan,diserahke
diserang,diserbu
disertakan,diserteke
disesuaikan,disesuaike
disiapkan,disiapke
disiarkan,disiarke
disiksa,disikso
disimpulkan,disimpulke
disingkirkan,disingkirke
disini,disikak
disini,sikak
disiplin,disiplin
disiplin,nganeng kate
disisipkan,sisipke
diskusi,berasan
diskusi,diskusi
diskusi,musyawara
disuapi,disuapke
disunting,dilamar
disuruh,diperintahke
disusun,dirapike
ditafsirkan,ditafsirke
ditambahkan,ditambahke
ditampilkan,ditampilke
ditanamkan,ditanamke
ditarik,ditarek
ditarikan,ditarikke
ditata,susun
ditawari,ditawarke
ditayangkan,ditayangke
ditegakkan,ditegakke
ditegaskan,ditegaske
ditekankan,ditekanke
ditempatkan,ditempatke
ditemukannya,ditemukenye
ditentukan,ditentuke
diterapkan,diterapke
diterbitkan,diterbitke
diterima,ditrime
diterjemahkan,diterjemake
diteruskan,diteruske
ditetapkan,ditetapke
ditinggalkan,ditinggalke
ditinggikan,ditinggike
ditingkatkan,ditingkatke
dituang,coroh
dituangkan,corohke
ditugaskan,ditugaske
ditujukan,ditujuke
ditukar,ditukoh
ditularkan,sabangke
dituliskan,dituliske
ditulisnya,ditulisnye
ditumis,tomes
ditunjukkan,ditunjuke
diturunkan,diturunke
ditusuk,dicucuk
ditusuk,ditujah
diucapkan,domongke
diukur,dukur
diumumkan,dumumke
diusahakan,diusahake
diusulkan,dusulke
divisi,divisi
diwajibkan,diwajibke
diwariskan,diwariske
diwarnai,digambar
diwujudkan,diwujudke
dna,dna
doa,doa
dokter,doktor
doktor,doktor
dokumen,dokumen
dolar,sen
domba,domba
domba,kambing berok
donor,donor
dorongan,dorongan
dosa,doso
dosis,dosis
drama,drama
dramanya,dramanye
drum,dram
drum,drom
duapuluh,duepuluh
duduk,duduk
duduklah,duduklah
dugaan,didugã¨
dugaan,dugã¨
dugaan,dugã¨an
dukun,dukun
dukung,nukung
dukungan,dukungan
duluan,nuluh
dulunya,dulunye
dunia,dunia
durhaka,durhako
duri,dughai
durian,dian
dusun,dusun
duta,duta
ebi,udang kereng
edisi,edisi
efek,akibat
efek,efek
efeknya,efeknye
egois,pemarah
ekonominya,ekonominye
ekor,ikok
ekornya,ikoknye
ekspedisi,nyelaja
emas,emas
empat,mpat
empedu,ampedu
emping,emping
empuk,lembut
enak,baeknia
enam,nam
energi,kekuatan
entah,dak tau
es,es
etalase,grobok kaco
etika,sikap
fakta,keadaan nyate
faktor,faktor
faktor,panyebab
famili,keluargo
fantasi,seru
farmasi,farmasi
fase,ahli
fase,lihai
fasilitas,fasilitas
fatal,fatal
fauna,binatang
favorit,kadoyan
favoritnya,favoritnye
federasi,bakerjo same
federasi,federasi
fenomena,fenomena
fenomena,keanehan
fiksi,fiksi
film,pelam
firman,firman
fisik,awak
fisik,fisik
fisika,fisika
fisiknya,awaknye
fisiknya,fisiknye
flu,semeh
fokus,fokus
formal,formal
formasi,formasi
formula,formula
formulir,formulir
fosil,fosil
foto,foto
foto,gambar
fungsi,fungsi
fungsinya,fungsinye
fungsinya,guneknye
gaba,padi
gabungan,gabungan
gading,tanduk
gadis,betine
gadis,gadis
gagak,gagak
gagal,gagal
gagal,urung
gagang,teran
gagasan,ide
gairah,gairah
gairah,hasrat
gairah,napsu
gajah,gajah
gaji,cengkonok
gaji,gaji
gaji,persen
gaji,upah
gala,mantaghan
gala,panyuluk
gambar,foto
gambar,lukisan
gambaran,gamaran
gambarnya,gamarnye
gambarnya,gambarnye
gampang,mudah
ganas,benges
ganas,ganas
ganda,dobal
gandum,gendum
gang,gang
gang,lorong
gangguan,gangguan
ganja,cimeng
ganja,ganja
ganja,temako ace
ganti,tukoh
gantung,gantung
gantungan,gantungan
garam,gagham
garang,benges
garasi,grasi
garis,garis
garpu,garpu
gas,gas
gaun,baju
gaun,gaun 
gawang,gawang
gaya,gaya
gedung,gedong
gejalanya,gejalanye
gelanggang,arena
gelanggang,gelanggang
gelap,kelam
gelar,gelar
gelar,pangkat
gelas,cangkir
gelas,gelas
gelombang,gelomang
gelombang,omak
gempa,gempa
gempa,gempe
gemuk,gemok
generasi,generasi
generasi,ketoronan
generator,generator
geng,geng
geng,kelompok
genting,gawat
gerak,begerak
gerak,gerak
gerak,jalan
gerakan,bagerak
gerakan,gerakke
gerbang,gerbang
gerbong,garbong
gerbong,gerbong
gereja,gereja
gergaji,gergaji
gergaji,sinsu
gerhana,gerhana
germo,germo
getah,geteh
giat,rajin
gigi,gigi
gigih,gigih
giling,geleng
giliran,begeler
giliran,geleran
ginjal,ginjal
godaan,godaan
godaan,tegoda
gol,gol
golf,golf
golok,parang
golongan,golongan
golongan,kelompok
goreng,goreng
got,got
grafik,grafik
gravitasi,gravitasi
grup,grup
grup,kelompok
gua,goa
gubernur,gubernur
guci,gentong
gudang,gudang
gugatan,gugatan
gugatan,tegugat
gula,gula
gula,gule
gulai,gulai
gulat,gulat
gulungan,gulungan
guna,gunek
gunakan,gunekke
gunanya,guneknye
gunting,gonteng
gunting,gunting
guntur,gontor
guntur,guntur
gunung,gonong
guru,guru
gurun,gurun
gurunya,gurunye
habis,abes
hadiah,bonus
hadiah,hadiah
hadiah,kado
hadiah,persen
hadirin,hadirin
hak,gek
hak,hak
hakikatnya,hakikatnye
hakim,hakim
haknya,haknye
halaman,halaman
halaman,pekarangan
halamannya,halamannye
halangan,halangan
halilintar,guruh petir
halusnya,alusnye
hama,hama
hama,hame
hamba,hamba
hambat,dadang
hambatan,hambatan
hambatan,tehambat
hamil,bonteng
hampa,hambar
hampir,laparak
hancurnya,ancurnye
hangat,panas
hantu,antu
haram,dak suek nia
haram,haram
harapan,harapan
harapan,ngaghap
harga,ge
harga,harge
harganya,hargenye
hari,aghai
harimau,harimau
harimau,imau
harimu,aghai
harimu,aghai ikak
harinya,aghainye
harta,harte
harum,ghum
harusnya,harusnye
hasilnya,hasilnye
hasrat,hasrat
hasrat,nafsu
hati,ati
hatinya,hatinye
hayatnya,hayatnye
helikopter,helikopter
hengkang,pegijauh
hengkang,undur
hentikan,hentike
hentikan,stopke
hewan,binatang
hias,dandan
hiasan,hiasan
hidang,saji
hidangkan,hidangke
hidangkan,sajike
hidung,hidung
hidung,idung
hidup,idup
hiduplah,iduplah
hidupnya,idupnye
hijab,jilbab
hijau,ijau
hijrah,pindah
hilang,ilang
hilir,dilo
hisap,isap
hitam,itam
hitungan,bahitung
hitungan,itungan
hitungan,perhitungan
hiu,hiu
hiu,ikan hiu
hobi,hobi
honda,motor
honor,upah
hormat,hormat
hotel,hotel
hubungannya,hubungannye
hujan,ujan
hukum,dukum
hukuman,ukuman
hukumannya,hukumannye
hukumnya,hukumnye
hulu,hulu
hulu,ulu
humor,humor
humor,lucu
huruf,angko
huruf,huruf
hutan,imbe
hutan,utan
hutang,utang
ibadah,ibadat
ibarat,umpamo
iblis,iblis
ibu,induk
ibu,mak
ibu,umak
ibuk,umak
ibukota,ibukota
ide,ide
ide,usul
identik,saragih
identitas,identitas
idiot,bengak
idiot,bongak
idiot,buyan
ijazah,sttb
ijin,ijin
ijuk,sapu
ikan,ikan
ikat,ikat
ikatan,ikat
ikatan,ikatan
iklan,iklan
iklan,saponsor
iklim,cuaca
iklim,cuace
iklim,iklim
ikut,milu
ikuti,turutke
ilegal,dak resmi
ilegal,ilegal
ilmu,ilmu
ilmunya,ilmunye
ilmuwan,ilmuan
ilmuwan,ilmuwan
ilmuwan,profesor
ilmuwan,ughang calag
ilusi,behayal
ilusi,hayalan
ilusi,ilusi
ilusi,ngayal
imajinasi,hayalan
imajinasi,imajinasi
imam,imam
iman,iman
imbalan,bonus
imbalan,hadia
imbalan,imbalan
imbalan,persenan
imbalan,upah
imbang,same kuat
imbauan,perentah
imigran,imigran
imigrasi,imigrasi
impian,cito-cito
impian,impian
impian,keinginan
impian,kendak
indah,molek
indah,rengkeh
individu,dewean
individu,dewek
individu,individu
individu,sughang
indo,bulek
induknya,iduknye
industri,industri
industri,pabreg
informan,informan
informan,koyok polisi
informan,matek-matek
informasi,berita
informasi,info
infus,impos
ingatan,ingatan
ingatan,taingat
ingatkan,ingatke
ingin,kendak
ingin,mau
ingin,nak
inginkan,maunya
ini,ikak
inilah,ikaklah
inisial,inisial
inisial,panggelan
injil,injil
insan,insan
insan,ughang
insiden,insiden
insiden,kejadian
insiden,pekare
inspektur,inspektur
inspirasi,inspirasi
instruksi,arahan
instruksi,intruksi
instruksi,patunjuk
instruksi,perintah
instrumen,instrumen
intan,entan
intan,matek entan
intel,matemate
internet,internet
inti,dasar
inti,inti
investigasi,investigasi
investigasi,nyelidik
investigasi,pemeriksean
investor,investor
investor,tukang modal
ipar,ipoh
irama,iramo
iran,iran 
irian,irian
iring,ereng
iringan,erengan
irisan,eresan
ironi,ironi
ironis, tragis
ironis,ironis
isi,isi
isian,isi
isinya,isinye
islam,islam
islami,islami
isolasi,isolasi
isolasi,lakban
isolasi,salasiban
isolasi,takurung
istana,istana
isteri,bini
istilah,artinye
istirahat,bedadu
istri,bini
istri,soma
istrinya,bininye
isu,gosip
isu,isu
isyarat,isarat
isyarat,tande
itik,bebek
itik,etek
itu,itu
iya,aoh
izin,izin
jabatan,jabatan
jabatannya,jabatanye
jadi,payoh
jadinya,jadinye
jadinya,payoh jadi
jadwal,jadwal
jaga,jago
jago,ahli
jago,hebat
jago,jago
jago,melawan
jagung,jagong
jahe,pedas
jajah,jajoh
jajanan,jajanan
jaket,jaket
jaksa,jaksa
jala,jale
jalan,jalan
jalanan,jalanan
jalannya,jalanye
jalur,jalur
jam,jam
jambak,tarek
jamban,bong
jaminan,borok
jaminan,jaminan
jamnya,jamnye
janda,jande
janda,jane
jangan,dak usah
jangka,jangke
jantan,lanang
jantung,jantung
jarak,jarak
jaraknya,jaraknye
jarang,kadang - kadang
jari,jaghai
jaring,jareng
jaring,jaring
jaringan,jarengan
jaringan,jaringan
jaringan,sinyal
jarum,jaghum
jarum,jarum
jasa,jasa
jasa,jase
jasad,buntang
jasad,jasad
jasad,jenaza
jasad,mayat
jasad,mayet
jasadnya,jasadnye
jasanya,jasenye
jatah,bagean
jatah,jatah
jatah,jateh
jati,jati
jatuh,campak
jatuh,tumban
jatuhkan,tumbanke
jauh,jaoh
jawa,jawe
jawaban,jawaban
jebakan,jebakan
jebakan,prangkap
jejak,jejak
jejak,tapak
jelas,terang
jelaskan,jelaske
jelek,jat
jembatan,jerambah
jemur,jemoh
jendela,bedan
jendela,jendelo
jenderal,jendral
jendral,jendral
jenis,jenis
jenius,calag
jenius,jenius
jenius,lihay
jenius,pintar
jentik,anak nyamok
jenuh,bosan
jerami,batang padi
jerami,jerami
jerami,tompokan padi
jernih,bening
jernih,berseh
jernih,jeneng
jernih,jernih
jernihnya,bersihnye
jeruk,limau
jet,jet
jet,pesawat tempor
jimat,jimat
jimat,pegangan
jin,jen
jin,jin
jiwa,jiwo
juara,juara
juara,pamenang
judi,judi
julukan,jolokan
julukan,julukan
jumlah,jumlah
jumlah,total
juni,juni
jurang,jurang
juri,juri
juri,wasit
jurnal,jurnal
jurnalis,jurnalis
jurnalis,tukang tulis
jurusan,jurusan
jus,jus
kabar,kabar
kabarnya,kabarnye
kabel,kabal
kaca,kaco
kacamata,kacomato
kacang,kacang
kacau,berantakan
kadar,kadar
kadar,ukuran
kafe,kafe
kaget,takejut
kain,kaen
kaisar,kaisar
kakak,ayuk
kakak,kupik
kakak,kuyung
kakaknya,kuyungnye
kakek,nek anang
kakeknya,nek anangnye
kaki,kaki
kakinya,kakinye
kala,kala
kalender,almenag
kalender,kalender
kali,kali
kali,sungai
kalimat,klimat
kalung,kalung
kamar,kamar
kambing,kambeng
kambing,kambing
kambing,kameng
kamera,kamera
kamera,kodag
kami,kami
kamis,kemis
kampung,dusun
kampungnya,dusunnye
kampus,kampus
kamu,kau
kanan,kanan
kanannya,kanannye
kancing,kancing
kandang,kandang
kandang,reban
kandang,sangko
kandangnya,kandangnye
kandung,kandung
kandungan,kandungan
kanji,gatal
kanker,kangker
kantin,kantin
kantong,kantong
kantor,kantor
kapak,kapak
kapal,kapal
kapal,tongkang
kapan,kapan
kapas,kapas
kapsul,kapsul
kapten,kapten
kapuk,kapok
kapur,kapur
karakter,perangi
karakter,sifat
karakter,tabe'at
karang,karang
karantina,dasingke
karantina,karantina
karate,krate
karbon,karbon
karena,karene
karenanya,karenenye
karet,kaghit
karir,karir
karnaval,karnaval
kartu,kartu
kartun,kartun
karung,goni
karung,karung
karunia,karunia
karya,karya
karyanya,karyanye
karyawan,anak buah
karyawan,anak kapak
karyawan,kriawan
kas,tabungan
kasar,kasar
kaset,kaset
kasih,kase
kasir,kaser
kasur,kasur
kasus,kasus
kata,kate
katak,bakatak
katak,kodok
katakan,omongke
katanya,ujonye
kategori,golongan
kategori,kategori
katik,suek
kau,kau
kaum,kaum 
kaum,romongan
kaus,kaos
kawan,kanti
kawan,kawan
kawanan,daera
kawanan,romongan
kawannya,kawanye
kawasan,kawasan
kawin,babini
kaya,sogeh
kayu,kayu
keadaan,keadaan
keadilan,keadilan
keajaiban,keajaiban
kebahagiaan,gamera
kebahagiaan,kebahagian
kebaikan,kebaikan
kebakaran,kebakaran
kebebasan,bebas
kebebasan,kebebasan
kebebasan,taserah nak kemane
kebenaran,beno
kebencian,dak agam
kebencian,luat
kebencian,meluat
keberadaan,keberadaan
keberanian,keberanian
keberuntungan,baik nasib
keberuntungan,keberuntungan
kebetulan,kebetulan
kebiasaan,kabiasoan
kebiasaan,kebiasoan
kebun,kebon
kebun,rompok
kebun,ume
kebutuhan,kebutuhan
kecap,kecap
kecelakaan,batumburan
kecelakaan,kecelakaan
kecelakaan,tebaleg
kecepatan,kecepatan
kecilnya,kecilnye
kedai,kedai
kedai,toko
kedai,warung
kedainya,tokonye
kedamaian,kediaman
kedatangan,kedatangan
kediaman,kediaman
kegagalan,kegagalan
kegelapan,kegelapan
kegelapan,kelam
kegembiraan,gemera
kegembiraan,kegembiraan
kegiatan,aktifitas
kegiatan,bebuat
kegiatan,begawe
kegiatan,kegiatan
kehancuran,ancur
kehancuran,kehancuran
kehidupan,keidupan
kehormatan,kehormatan
keinginan,kemauan
kejadian,kejadian
kejahatan,kejahatan
keju,keju
kejutan,kejutan
kekasih,kule
kekasih,pelinjangan
kekayaannya,hartenye
kekerasan,kekerasan
kekuasaan,kekuatan
kekuatan,tenaga
kekurangan,kekurangan
kekurangan,urang sare
kelak,agek
kelas,kelas
kelasnya,kelasnye
keledai,keledai
kelemahan,kelemahan
kelinci,kelinci
kelompok,kelompok
keluar,keluo
keluarga,dulur
keluarga,keluarga
keluarga,sanak
keluarganya,keluargonye
kemajuan,kemajuan
kemampuan,kemampuan
kemampuan,kepacakan
kemarahan,benges
kemarahan,kemarahan
kemarau,kemanghau
kemari,kesikak
kemarilah,kesikaklah
kemarin,getangkak
kematian,kematian
kematian,maot
kembali,balek
kembalilah,baleklah
kembang,bunge
kembar,kembo
kembar,kemo
kembung,sakit perut
kemenakan,keponakan
kemenangan,kemenangan
kempot,kariput
kemudi,kemudi
kemuliaan,kemuliyaan
kemungkinan,kemungkinan
kena,kene
kenangan,kenangan
kenapa,kenape
kencan,basindo
kencang,kuat
kencing,kemek
kencing,kencing
kendali,kendali
kendaraan,kenaraan
kendaraan,kendaraan
kental,likat
kentang,kentang
kentut,kentut
kenyataan,kenyataan
kenyataan,kenyatean
kepala,kepalak
kepang,gelangtagge
kepentingan,kendak
kepentingan,kepentingan
kepolisian,kepalisian
kepolisian,kepelisian
kepolisian,kepolisian
keponakan,dulur
keponakan,ponaan
keponakan,sanak
keputusan,keputusan
kera,keghe
kera,kereh
kerajaan,kerajaan
kerak,keghak
keramik,kramik
keranjang,kanjang
keranjang,keranjang
keranjang,keranyang
keranjang,suyã¨
kerap,sering
keras,keghas
kerasnya,keghasnye
kerasukan,kerasuke
kerdil,boncel
kereta,kereta api
kereta,spur
kering,kegheng
keringkan,keghengke
kerja,gawe
kerjakan,gaweke
kerjanya,gawenye
kerjasama,kerjasame
kerkap,seringkali
kertas,kertas
keruh,botak
keruh,keghu
kerumunan,bakerumun
kerumunan,kerumunan
kerupuk,keropok
kerusakan,dak sameghai
kerusakan,kerusakan
kerusakan,rusak
kesaksian,kesaksian
kesalahan,kesalahan
kesana,kesitu
kesatuan,besatu
kesatuan,kesatuan
kesedihan,kesedihan
kesedihan,sedih
kesehatan,kasehatan
kesehatan,kesehatan
kesehatannya,kesehatanye
keselamatan,jago diri
keselamatan,kaselamatan
keseluruhan,galeknye
keseluruhannya,segalek- galeknya
kesenangan,beladas
kesenangan,gemera
kesenangan,ladas
kesepakatan,kesepakatan
kesepian,dewean
kesepian,kasepian
kesepian,kesepian
kesulitan,kesulitan
kesulitan,kesusahan
ketan,padi pulut
ketat,pasawak
ketemu,batemu
ketiak,ketek
ketiga,ketige
ketiganya,ketigenye
ketika,ketike
ketinggian,ketinggian
ketinggian,tebing
ketua,bos
ketua,ketue
ketua,pemimpin
ketuanya,ketuanye
ketuanya,ketuonye
keturunan,ketoronan
keturunan,keturunan
keuangan,doet
keuangan,keuangan
keuangan,sen
keuntungan,ole
keuntungan,untung
keyakinan,keyakinan
khasnya,khasnye
khususnya,khususnye
kimia,kimia
kini,dang mikak
kini,mikak
kini,mikaklah
kipas,kipas
kira,kiro - kiro
kiranya,kironye
kiri,kidau
kiri,kucui
kirim,keghem
kirinya,kirinye
kisah,crito
kita,kitek
kitab,kitab
klan,klan
klan,klen
klien,kalien
klien,klien
klien,tamu
klub,klompok
klub,rombongan
kobokan,basohtangan
kode,kode
koin,sen
koin,sen logam
kokoh,kuat
kolak,saraweh
kolam,kamang
kolam,kolam
koleksi,pajangan
kolonel,kolonel
komandan,kemendan
komik,buku begamar
komik,komik
kompetisi,belomba
kompetisi,kompetisi
kompleks,komplek
kompor,opon
komputer,komputer
komunikasi,becerito
komunikasi,komunikasi
komunis,komunis
kondisi,keadaan
kondisi,kondisi
kondisi,situasi
kondisinya,keadaanye
kondom,kondom
konflik,bentrok
konflik,konflik
konflik,rusuh
konser,konser
konstruksi,kontruksi
konstruksi,mangon
kontak,kontak
kontrak,kontrak
kontrak,sepakat
koordinat,koordinat
koordinat,titik
kopi,kopi
koran,koran
koran,surat kabar
korban,korban
korek,korek
korek,koset
korek,pemancik
korma,kurma
kosakata,kosakate
kosong,daksuek isi
kostum,kostum
kostum,pakaian
kota,kota
kotak,kardus
kotak,kotak
kotanya,kotanye
kotor,kotor
kotoran,taik
kredit,kredet
krim,krem
kriminal,kriminal
kriminal,napi
kritikan,kretikan
kritis,kretes
kru,kru
ksatria,kesatria
kuahnya,kuahnye
kuali,kuali
kuasa,kuaso
kuasai,nguaso
kuat,kuat
kuatnya,kuatnye
kuburan,koboran
kucing,kucing
kuda,kudo
kue,kue
kuil,kuil
kuliah,kuliah
kuliahnya,kulianye
kulihat,kelikku
kulit,kulit
kulitnya,kulitnye
kumpulkan,kumpulke
kunci,kunci
kuncinya,kuncinye
kuncup,layu
kuning,koneng
kuningan,konengan
kunjungan,betamu
kunjungan,kunjungan
kunjungan,nyengok
kunjungi,tandang
kuno,kuno
kunyit,konyet
kurang,kurang
kurangnya,kurangnye
kurma,kermo
kursi,bangku
kursi,kersi
kursi,kursi
kurung,sangko
kutu,kutu
kutukan,kutukan
lab,leb
laboratorium,laboratorium
laboratorium,leb
laci,gerobok
laci,laci
ladang,sawah
laga,lage
lagi,lagi
lagu,lagu
lagunya,lagunye
lahan,lahan
lahan,sawah
lahan,ume
lahir,laher
lahirlah,laherlah
lahirnya,lahernye
lain,lain
lainnya,lainnye
laju,ngebut
laki,laki
laksamana,laksamana
lalapan,ulam
lalui,liwat
lama,lame
lamanya,lamenye
lamarannya,lamarannye
lampu,lampu
lancar,lancar
landasan,landasan
langit,langet
langkah,jarang
langkahnya,jarangnye
langsung,langsung
lanjut,lanjut
lanjutkan,lanjutke
lantai,geladag
lantainya,geladagnye
lantang,lantang
lapang,luas
lapangan,lapangan
lapar,lapoh
lapisan,lapisan
laporan,laporan
lari,balaghai
larinya,larinye
laris,laku banyak
latihan,latean
laut,laut
lautan,laot
lautan,laotan
lautnya,lautnye
lawan,mosoh
lawan,musuh
lawang,pintu
lawannya,lawannye
layaknya,layaknye
layanan,layanan
layar,layar
lazim,biaso
lazimnya,biasonye
lazimnya,lazimnye
lbu,emak
lbu,induk
lbu,mak
lbu,muk
lbu,umak
lebah,medu
lebah,penyengat
lebar,libok
lebaran,riaye
lebarnya,liboknye
lebat,lebat
lebih,lebih
ledakan,ledakan
ledakan,letusan
legenda,cerito lame
legenda,empai ni
legenda,lagenda
legenda,legenda
leher,tukuk
lekas,barenggot
lekat,lekat
lelah,ansap
lelah,marasai
lelaki,bujang
lelaki,lanang
lele,keli
leluasa,leluase
lelucon,melawak
lemak,lemak
lemari,almari
lemari,gerobok
lemari,tempat pakayan
lembut,lemut
lengan,lengan
lepaskan,lepaske
letakkan,dudukke
letakkan,letakke
letnan,letnan
lewat,liwat
libur,libur
liburan,libor
liburan,liboran
liburan,liburan
lidah,lidah
lidi,lidi
lihat,kelek
lihatlah,keleklah
lima,lime
limbah,sise kotoran
limun,jeruk
lindung,samunyi
lingkaran,lingkaran
lingkungan,lingkungan
lingkungannya,lingkungannye
lipat,lipat
listrik,listrek
logam,sen
logam,sen logam
lokasi,daera
lokasi,lokasi
lokasi,tempat
lokasinya,lokasinye
lompat,lumpat
lonceng,bel
lonceng,lonceng
lorong,gang
lorong,gorong-gorong
lorong,lorong
luarnya,leghonye
luas,libok
luas,luas
lubang,lubang
luka,luke
lukah,lukeh
lukisan,gambar
lukisan,lukisan
lukisannya,lukisannye
lumpuh,lumpuh
lumpur,lecak
lumut,lomot
lupa,lali
luput,lepas
lurus,lughus
lusa,luse
maaf,maaf
maafkan,maafke
mabuk,mabok
macam,macam
macamnya,macamnye
macan,imau
macan,macan
macan,rimau
macet,macet
madu,medu
magang,magang
mahasiswa,mahasiswa
mahkota,mahkota
mainan,bosean
mainan,bosekan
mainan,maenan
majalah,majalah
majalah,surat kabar
maka,make
makam,koboran
makanan,makanan
makanan,pajuan
makanya,makenye
makhluk,mahluk
makhluk,manusio
makhluk,ughang
makhluk,umat
makmur,makmur
maknanya,maknanye
maksudnya,maksudnye
malaikat,malaikat
malam,malam
malamnya,malamnye
mama,induk
mama,mak
mama,umak
mama,umbuk
mamaknya,umaknye
mampu,pacak
mana,mane
manajer,menejer
mandau,manau
mandi,mandi
mangsanya,mangsanye
manis,manes
mantan,bekas
mantan,kas
mantan,mantan
mantra,mantra
manusia,manusio
manusia,ughang
maraton,meraton
marinir,marinir
markas,markas
markas,tempat tinggal
masa,timpu
masa,waktu
masak,masak
masakan,masakan
masalah,hal
masalah,masalah
masalahnya,maslahnye
masuk,masuk
masukan,masukan
masukan,saran
masukkan,masukke
masuklah,masuklah
masuknya,masuknye
masyarakat,masyarakat
masyarakat,warga
masyarakatnya,masyarakatnye
mata,matek
matahari,matek aghai
matang,masak
matanya,mateknye
matematika,matematik
matematika,matematika
matikan,matike
matinya,matinye
mau,nak
maukah,nakdak
mayat,buntang
mayat,mayet
mayor,mayor
medali,medali
medan,medan
media,media
meja,meja
melahirkan,melahirke
melainkan,melainke
melaksanakan,ngaweke
melakukan,melakuke
melakukannya,melakukenye
melakukannya,ngawekenye
melalui,liwat
melamakan,melameke
melambangkan,melambangke
melangkah,melangkah
melangsungkan,melangsungke
melanjutkan,melanjutke
melantunkan,melantunke
melapor,melapor
melaporkan,melaporke
melarang,negah
melarikan,melarike
melatih,melateh
melatih,melatih
melatih,pelatih
melawan,melawan
melebar,melibok
meledak,meledak
melemah,melemah
melempar,murup
melepaskan,melepaske
melepaskannya,melepaskenye
melerai,nyapeh
melestarikan,melestarike
meletakkan,dudukke
meletus,meletur
meletusnya,meleturke
melewati,liwat
melewati,meliwatke
melewatkan,meliwatke
melibatkan,melibatke
melihat,ngelek
melihatnya,ngeleknye
melimpah,melimpoh
melintas,meliwat
melompat,melumpat
meluas,melibok
meluaskan,melibokke
melukai,meluke
melukis,melukis
meluluskan,meluluske
melunak,melembut
meluncurkan,meluncurke
melupakan,melalike
meluruskan,melughuske
memaafkan,memaafke
memadamkan,madamke
memadatkan,madatke
memadukan,maduke
memainkan,mainke
memajukan,memajuke
memakainya,memakainye
memakannya,memakannye
memaksa,makso
memalukan,memaluke
memanasi,manaske
memanfaatkan,memanfaatke
memanggilnya,memanggilnye
memaparkan,memaparke
memasak,bemasak
memastikan,memastike
memasukkan,memasuke
membacanya,macenye
membandingkan,membandingke
membangkitkan,membangkitke
membangun,mangon
membantumu,nolong nga
membatalkan,membatalke
membatalkan,ngurungke
membawanya,ngundenye
membayangkan,membayangke
membebaskan,membebaske
membedakan,membedake
membedakannya,membedakenye
membelai,ngusuk
membelokkan,belokke
membenarkan,membenoke
membentang,mentang
membentuk,mentuk
memberi,ngenjuk
memberikan,ngenjukke
memberikannya,ngenjukkenye
memberinya,ngejuknye
memberitahu,ngenjuk tau
memberontak,merontak
membersihkan,membersike
membesar,mesok
membesarkan,mesokke
membiarkan,ngekaike
membicarakan,ngomongke
membongkar,membongkar
membuang,muang
membuat,muat
membuatnya,muatnye
membubarkan,mubarke
membujuk,mujuk
membujur,ngonyo
membuka,mukak
membuktikan,membuktike
membulatkan,muntokke
membunuhmu,mononga
membunuhnya,mononye
memburu,melelap
membusuk,musuk
membutuhkan,merluke
memecah,mecah
memecahkan,mecahke
memegang,megang
memelihara,ngingon
memeluk,nekup
memenangi,menang
memenangkan,memenangke
memencar,mancar
memencarkan,mancarke
mementingkan,mentingke
memenuhi,menoke
memerankan,meranke
memeriksa,merise
memerintah,merentah
memerintahkan,merentahke
memerlukan,merluke
memesan,mesan
memihak,mihak
memikat,mikat
memikat,ngolok
memikirkan,mikirke
memilih,milih
memilikinya,memilikinye
memimpikan,mimpike
memimpin,mimpin
meminang,melamar
memindahkan,mindahke
meminjam,minjam
meminta,memintek
memintas,meliwat
meminum,meminom
memisahkan,memisahke
memohon,memohon
memori,memori
memotong,netak
memperbagus,maguske
memperbaiki,meluruh
memperbanyak,memperbanyak
mempergunakan,menggunekke
memperhatikan,meratike
memperhitungkan,memperhitungke
memperingati,memperingati
memperjelas,nyelaske
memperjuangkan,memperjuangke
memperkaya,nyugi
memperkenalkan,ngenalke
memperkirakan,memperkiroke
memperkuat,nguatke
memperlihatkan,ngelikke
memperluas,melibuk
mempermudah,mempermudah
mempersiapkan,mempersiapke
mempertahankan,mempertahanke
mempertimbangkan,mempertimbangke
mempraktikkan,meraktekke
memprotes,merotes
mempunyai,ade
memuaskan,memuaske
memudahkan,memudahke
memuja,muji
memukul,numbuk
memulai,memulai
memuliakan,memuliake
memuncak,muncak
memunculkan,nimbulke
memundurkan,mundurke
memungkinkan,memungkinkan
memurnikan,memurnike
memutus,netak
memutuskan,mutuske
menafsirkan,menafsirke
menahan,nahan
menaikkan,naikke
menakjubkan,menakjubke
menaklukkan,menaklukke
menakutkan,menakutke
menamai,menameke
menamakan,menameke
menamatkan,ngedemke
menambah,nambah
menampakkan,ngelikke
menampilkan,nampilke
menampung,nampung
menanak,nanak
menanam,nanam
menanamkan,nanamke
menandakan,nandeke
menandatangani,nyengok
menang,menang
menangis,nyamulung
menangkap,nangkap
menangkapnya,nangkapnye
menangkis,nangkis
menantang,nantang
menanti,nunggu
menantu,menantu
menantunya,menantunye
menanyakan,nanyeke
menara,manara
menara,menara
menargetkan,nargetke
menari,nyoget
menarik,ngenggut
menariknya,ngenggutnye
menatap,ngelale
menawarkan,nawarke
mencabut,nyabut
mencair,nyair
mencalonkan,nyalonke
mencampur,nyampur
mencampurkan,nyampurke
mencangkul,nyangkol
mencapai,nyapai
mencarikan,nuntutke
mencarinya,nuntutnye
mencatat,nyatet
mencatatkan,nyatetke
mencegah,negah
mencerdaskan,mencerdaske
menceritakan,nyeritoke
mencerminkan,nyerminke
mencetak,nyetak
mencintai,linjang
menciptakan,nyiptake
mencium,nyium
mencopot,melepas
mencuci,nyuci
mencukupi,nyukupke
mencukur,nyukur
mencuri,maling
mendaftar,naptar
mendaftarkan,naptarke
mendaki,naek
mendanai,modalke
mendapat,napat
mendapati,nemuke
mendapatkan,napatke
mendatang,natang
mendatangi,nyengok
mendatangkan,natangke
mendekam,nekam
mendekat,maghak
mendengar,nengoh
mendengarkan,nengohke
mendengarnya,nengohnye
menderita,menderito
mendesak,nesak
mendidih,ngelegak
mendidik,ngajo
mending,mending
mendingin,nengen
mendirikan,negakke
mendirikan,nirike
mendorong,norong
mendorongnya,norongnye
mendua,mendue
menduduki,nudukke
mendudukkan,nudukke
menduga,menduge
mendukung,nukung
menebak,nebak
menebus,tebus
menegakkan,negakke
menegaskan,negaske
menekankan,nekanke
menekuni,nekun
menelepon,nelpun 
meneliti,neliti
menembus,nembus
menempelkan,nempelke
menempuh,nempuh
menemui,nemu
menemukan,menemuke
menentukan,nentuke
menerangkan,nerangke
menerangkan,nyelaske
menerapkan,nerapke
menerbitkan,nerbitke
menerima,nerime
menerjemahkan,nerjemahke
meneruskan,neruske
menetap,netap
menetapkan,netapke
menetas,meletas
menewaskan,matikke
menewaskan,mono
mengadakan,ngadeke
mengadopsi,ngadopsi
mengadu,ngadu
mengagumi,ngagum
mengagumkan,mengagumke
mengajak,ngajak
mengajar,ngajo
mengajarkan,ngajoke
mengaji,ngaji
mengajukan,ngajuke
mengakhiri,ngedemke
mengakibatkan,mengakibatke
mengaku,ngaku
mengakui,ngakui
mengalahkan,ngalahke
mengalami,mengalami
mengalihkan,ngalihke
mengalir,ngalir
mengamalkan,ngamalke
mengamankan,ngamanke
mengambang,ngelambang
mengambilnya,ngambiknye
mengancam,ngancam
mengandalkan,ngandalke
mengandung,bunting
menganggap,nganggap
menganggapnya,nganggapnye
mengangguk,ngangguk
mengangkat,ngangkat
mengangkatnya,ngangkatnye
mengangkut,ngangkut
menganjurkan,nganjurke
mengantar,ngantat
mengantarkan,ngantatke
mengantarkannya,ngantatkenye
menganut,nganut
menganyam,nganyam
mengapa,ngape
mengarah,ngarah
mengarahkan,ngarahke
mengarang,ngarang
mengasuh,ngasuh
mengatakan,ngateke
mengatakannya,ngatekenye
mengatas,ngatas
mengatasi,ngatasi
mengatur,ngatur
mengawali,mulai
mengawasi,ngawas
mengebom,ngebum
mengecil,ngecik
mengejar,melelap
mengelabui,mudih
mengelilingi,ngeliling
mengelola,ngelola
mengeluarkan,ngeleghoke
mengeluh,ngeluh
mengemban,ngambin
mengenai,tentang
mengenal,ngenal
mengenalkan,ngenalke
mengenang,ngenang
mengendalikan,mengendalike
mengendurkan,ngundurke
mengenyam,nyicip
mengeram,megham
mengerikan,seram
mengerjakan,ngaweke
mengerti,terti
mengesankan,ngesanke
mengetahui,ngatui
mengetahuinya,ngatuinye
menggabungkan,menggabungke
menggadaikan,ngadeke
menggaduh,meribut
menggala,nyuluk
menggali,ngedog
menggambar,ngambar
menggambarkan,ngambarke
mengganggu,nganggu
mengganti,ngenti
menggantikan,ngentike
menggantikannya,ngentikenye
menggantinya,ngentinye
menggantung,ngantung
menggendong,ngambin
menggenggam,ngenggam
menggerakkan,ngerakke
menggigit,ngigit
menggonggong,nyalak
menggoreng,ngoreng
menggoyang,ngoyang
menggugah,nguggah
menggugat,ngugat
menggunakan,ngunekke
menggunakannya,ngunekke
mengguncang,nguncang
menghabiskan,ngabiske
menghadang,ngadang
menghadap,ngadap
menghadapi,ngadapke
menghadirkan,menghadirke
menghalangi,ngalangi
menghalau,melelap
menghalau,ngalau
menghambat,ngambat
menghargai,merge
menghasilkan,ngasilke
menghasut,ngasut
menghembuskan,ngembuske
menghentikan,nyetopke
menghentikannya,nyetopkenye
menghiasi,ngias
menghibur,ngibur
menghidangkan,ngidang
menghidupkan,ngidupke
menghilang,ngilang
menghilangkan,ngilangke
menghimbau,manggil
menghimpun,ngimpin
menghina,menghino
menghindari,ngindar
menghisap,ngisap
menghisap,nyedot
menghubungi,ngubung
menghubungkan,ngubungke
menghuni,nguni
mengikuti,nurut
mengingat,ngingat
mengingatkan,ngingatke
menginginkan,ngendakke
menginjak,nginjak
mengintai,ngintip
mengira,ngiro
mengirim,ngirim
mengirimkan,ngirimke
mengiringi,nurutke
mengisahkan,nyeritoke
mengisi,ngisi
mengiyakan,ngauhke
mengizinkan,ngizinke
mengkaji,ngaji
mengkritik,ngeritik
mengobati,ngubatke
mengobrol,bacarito
mengomentari,ngomentar
mengonsumsi,makan
mengontrol,ngontrol
mengoreksi,ngoreksi
mengoyak,nyegit
menguasai,nguasoi
menguatkan,nguatke
mengubah,ngubah
mengucapkan,ngucapke
menguji,nguji
mengukir,ngukir
mengukur,ngukur
mengumpulkan,ngumpulke
mengumumkan,ngumumke
mengundang,ngundang
mengundurkan,ngundurke
mengungkapkan,ngungkapke
mengungsi,ngungsi
mengunjungi,tandang
menguntungkan,nguntungke
mengurangi,ngurangke
mengurus,ngurus
mengusahakan,usahoke
mengusir,ngusir
mengusulkan,ngusulke
mengutuk,ngutuk
menikah,kawin
menikahi,ngawenke
menikmati,menikmati
menimbulkan,nimbulke
menimpa,nimpe
meninggal,mati
meninggalkan,ninggalke
meninggalnya,ninggalnye
meninggi,ninggi
meningkatkan,ningkatke
menipis,nipis
meniru,niru
menirukan,niruke
menit,menit
menjabat,nyabat
menjadi,nyadi
menjadikan,nyadike
menjadikannya,nyadikenye
menjajah,nyajah
menjala,nyale
menjalankan,nyalanke
menjalin,nyalin
menjangkau,ngapai
menjatuhkan,nyatuke
menjauh,nyauh
menjawab,nyawab
menjelaskan,nyelaske
menjerat,nyerat
menjual,nyual
menjualkan,nyualke
menjualnya,nyualnye
menjunjung,nyunjung
menolak,nolak
menolong,nulung
menolongnya,nulungnye
menonton,nonton
menstruasi,men
mental,mental
mentari,matekaghai
mentega,mentega
menteri,mentri
menu,menu
menuangkan,nyorohke
menuduh,nuduh
menukar,nukoh
menular,nular
menulis,nules
menuliskan,nuliske
menulisnya,nulisnye
menunaikan,nunaike
menunda,nunda
menunggu,nunggu
menunjuk,nunjuk
menunjukkan,nunjuke
menuntut,nuntut
menurunkan,nughunke
menurut,nurut
menurutnya,nurutnye
menutup,nutup
menyajikan,nyajike
menyakiti,nyakit
menyaksikan,nyaksike
menyalahi,nyalake
menyalurkan,nyalurke
menyamai,nyameke
menyambung,nyambung
menyambungkan,nyambungke
menyambut,nyambut
menyampaikan,nyampaike
menyanggupi,nyanggupke
menyangkut,menyangkut
menyanyi,banyanyi
menyanyikan,nyanyike
menyarankan,nyaranke
menyatakan,nyateke
menyatu,nyatu
menyatukan,nyatuke
menyebabkan,nyebabke
menyebalkan,meluat nia
menyebalkan,menyebalke
menyebalkan,nyebalke
menyebar,nyebar
menyebarkan,menyebarke
menyebarkan,nyebarke
menyeberangi,nyemerang
menyebut,nyebut
menyebutkan,menyebutke
menyebutkan,nyebutke
menyebutnya,menyebutnye
menyebutnya,nyebutnye
menyediakan,menyodioke
menyediakan,nyedioke
menyedihkan,menyedihke
menyelam,nyelam
menyelamatkan,menyelamtke
menyelamatkan,nyelamatke
menyelenggarakan,nyelenggarake
menyelesaikan,menyelesaike
menyelesaikan,ngedemke
menyelesaikan,nyelesaike
menyelidiki,nyeledik
menyelip,nyelip
menyembah,nyembah
menyembunyikan,menyembunyike
menyempatkan,menyempatke
menyempurnakan,menyempurnake
menyenangkan,menyenangke
menyentuh,inghul
menyerah,nyerah
menyerahkan,menyerahke
menyerang,serang
menyerap,nyerap
menyertakan,nyerteke
menyeru,nyuruh
menyerupai,nyeragi
menyesal,nyesal
menyesuaikan,menyesuaike
menyewa,nyiwe
menyiapkan,menyiapke
menyiarkan,menyiarke
menyimpan,simpan
menyimpang,nyimpang
menyimpulkan,nyimpuke
menyingkirkan,menyingkirke
menyisakan,menyisekan
menyukai,menyukainya
menyumbang,nyumbang
menyumbangkan,menyumbangke
menyunting,melamar
menyusui,nyusu
menyusul,nyusul
menyusun,susun
menyusut,nyusut
merah,abang
merahasiakan,merahasioke
meraih,meraih
merajah,meraje
merambat,merambat
merantau,merantau
merasakan,ngasekke
merata,merate
merayakan,merayake
merencanakan,merencanake
merenung,tamenung
meresmikan,meresmike
meriah,ramih
merica,sang
merintang,ngalang
merpati,merpati
mertuanya,mertuanye
merubah,ngubah
merugikan,merugike
meruncingkan,menajamke
merundingkan,merundingke
merusak,marusak
mesin,mesin
mesinnya,mesinnye
mestika,mestike
meter,meter
metode,carek
mewajibkan,mewajibke
mewakili,mewakilke
mewujudkan,mewujudke
meyakinkan,meyakinke
milik,melek
miliknya,haknye
militer,mliter
mimpi,mimpi
minat,minat
minatnya,minatnye
minggir,awas
minggu,ahad
minggu,minggu
mini,kecik
minta,mintek
minum,minom
minuman,minoman
minyak,minyak
minyaknya,minyaknye
miring,mereng
mirip,saragih
misal,umpamo
misalnya,misalnye
misi,kendak
misi,tujuan
miskin,sare
misteri,misteri
mitos,mitos
mobil,mobel
mobilnya,mobilnye
mohon,mohon
molek,rengkeh
momen,momen
monyet,kere
monyet,monyet
motor,motor
mual,nak muntah
muara,muaren
muaranya,muarenye
muat,muat
muda,mude
mudanya,mudenye
mudik,balek
muka,mengkan
muka,muke
mukanya,mekannye
mulanya,awalnye
muluk,molok
mulut,bibo
mulut,mulut
munculnya,nimbulnye
mundurnya,mundurnye
muntah,mabok
murid,moret
murid,murit
muridnya,muridnye
museum,museum
musik,musek
musiknya,musiknye
musim,musem
mustahil,dak mungkin
mustika,musuhnye
musuh,lawan
musuh,musuh
musuhnya,lawannye
mutunya,mutunye
nada,bedering
nada,nada
nafas,banafas
nafas,napas
nafas,ngambek nyawe
naga,nage
naiknya,naiknye
nakal,ngapeleh
namanya,namenye
nanas,nanas
nangka,nangke
nanti,agek
nantinya,ageknye
narkoba,narkoba
nasib,naseb
nasib,takder
nasihat,nasehat
nasihat,tegoran
nasional,nasional
naskahnya,naskahnye
nasrani,kristen
natal,natal
negara,negara
negaranya,negaranye
negeri,negri
negerinya,negerinye
nelayan,nelayan
nelayan,tukang ikan
nenek,ine
nenek,nek ine
nenek,nenek
neraka,nerako
ngebut,ngebut
niaga,bedagang
niatnya,niatnye
nikah,kawen
nilai,nilai
nilai,ponten
nilai,skor
nilainya,nilainye
niru,nyontoh
nisannya,nisannye
niscaya,niscaye
nomor,angko
nomor,nomor
nona,betine
nona,gadis
normal,normal
not,not
nuklir,bom
nuklir,nuklir
nuklirnya,nuklirnya
nyaman,nyaman
nyanyi,nyanyi
nyatanya,nyatanye
nyawa,nyawe
nyawa,roh
nyeri,mentak
nyeri,saket
nyonya,nyonya
obat,ubat
obatnya,ubatnye
objek,objek
oksigen,oksigen
olahraga,olahrage
olahraga,orahraga
oles,oles
oli,oli
ongkos,ongkos
operasi,budes
operasi,oprasi
operasinya,operasinye
opsir,opsir
opsir,petugas
optik,optik
orang,manusio
orang,ughang
orangnya,ughangnye
orangtua,ughang tue
organisasi,organisasi
organisasinya,organisasinye
orkes,musik
osis,osis
otomatis,otomatis
otonomi,otonomi
otot,otot
pabrik,pabrek
pabrik,pabrik
pacar,kule
pacet,pacat
pacu,pacu
pada,pade
padahal,padehal
padaku,padeku
padamu,pade nga
padang,padang
padanya,padenye
padat,padat
padi,padi
pagar,pagar
pagar,temok
pagi,pagi
pahala,pahalo
paham,paham
pahit,paet
pahlawan,pahlawan
pajak,pajak
pakai,pakai
pakaian,perbot
paket,paket
paksa,pakso
palsu,palsu
palu,pukul besi
paman,mamak
pamannya,uwaknye
pameran,acara
pameran,pameran
panah,panah
panas,angat
pancang,pancang
pancung,pancung
pancung,tebas
pandai,calag
pandai,pacak
pandan,pandan
pandang,kelek
pandangan,nelek
pandangan,penelekan
pandangannya,paneleknye
pandemi,pandemi
pandu,tunjuk
panduan,paduan
panduan,panduan
pangeran,pangeran
panggang,bakar
panggang,panggang
panggil,panggil
panggilan,patugan
panggilan,tuturan
panggung,panggong
panggung,plaminan
panghulu,ketip
pangkal,awal
pangkalan,pangkalan
panitia,panitia
panjang,tabolor
panjangnya,panjangnye
pantai,pantai
pantainya,pantainye
pantat,jalad
pantat,punggung
panti,panti
pantun,pantun
papa,abak
papa,baba
papa,bak
papan,papan
parah,gawat
paras,rupa
pari,ikan paghai
parkir,parker
partai,partai
partainya,partainye
partikel,pertikel
paru,paru
paruh,paruh
parut,parut
pasang,pasang
pasangan,kanti
pasangannya,pasangannye
pasar,pasar
pasca,pasca
pasien,pasien
pasir,paser
pasir,pasir
pastikan,pastike
pasukan,rombongan
pasukannya,pasukannye
patah,patah
patung,patong
pauh,pauh
paus,paos
payudara,payudara
payudara,tetek
payung,payong
payung,payung
pecah,pecah
pecandu,pecandu
pecel,gado- gado
pecel,pecal
pecundang,bengak
pecundang,buyan
pecundang,lolo
pecundang,suek aji
pecundang,ube
pedagang,pedagang
pedang,golok
pegang,pegang
pegangan,kodam
pegangan,pegangan
pegawai,anak buah
pegawai,anak kapak
pegawai,pegawai
pegunungan,gonong
pegunungan,pegonongan
pejabat,pejabat
pejuang,pahlawan
pejuang,pejuang
pekan,pekan
pekat,pekat
pekerja,tukang
pekerjaan,gawe
pekerjaan,laku
pekerjanya,pekerjanye
pelabuhan,pelabuhan
pelacur,lonte
pelajaran,pelajaran
pelaku,pelaku
pelan,lambat
pelanggan,langganan
pelanggaran,pelanggaran
pelatih,pelateh
pelatih,pelati
pelatihan,belateh
pelatihan,pelatehan
pelaut,pelaut
pelawak,pelawak
pelayan,pembantu
pelayanan,pelayanan
pelihara,peliharo
peliharaan,peliharoan
pelindung,pegangan
pelindung,pelindong
pelita,lampu colok
peluru,peluru
pemadam,pamadam
pemadam,pemadam
pemain,pemain
pemainnya,pemaennye
pemakaiannya,pemakaiannye
pemakaman,pemakaman
pemakaman,urang mati
pemandangan,pemandangan
pemasukan,pemasukan
pembacanya,pembacenye
pembalap,pembalap
pembantunya,pembantunye
pembayaran,pemayoan
pembeli,pembeli
pembeli,pemeli
pemberani,melawan
pemberitahuan,ngenjuk tau
pemberitahuan,pemberitahuan
pembicaraan,cerito
pembicaraan,ngomong
pembicaraan,omongan
pembicaraan,pembicaroan
pembuangan,pembuangan
pembuat,pemuat
pembuatannya,pembuatannye
pembunuh,tukang bonoh
pemburu,pemburu
pemburu,pemuru
pemegangnya,pemegangnye
pemenang,juara
pemenang,juare
pemenang,pemenang
pemeriksa,pemerikse
pemeriksaan,diparikse
pemeriksaan,diperikse
pemeriksaan,pamariksean
pemeriksaan,pemeriksean
pemeriksaan,perikse
pemerintahan,pemerintahan
pemerintahannya,pamarentahnnye
pemikiran,pemekeran
pemikiran,pemikiran
pemimpinnya,pemimpinnye
pemuda,bujang
pemuda,gadis
pena,pena
penakut,penakot
penakut,penakut
penampilan,gaya
penampilan,penampilan
penanya,penanye
penari,biduan
penari,penari
pencarian,pencarian
pencipta,pencipta
penculikan,penculik
penculikan,penculikan
pencurian,maleng
pencurian,maling
pencurian,pemaling
pendarahan,bedarah
pendarahan,pendarahan
pendek,pendek
pendeknya,pendeknye
pendidikan,pendidikan
pendidikannya,pendidikannye
pendiriannya,pendiriannye
penduduk,pendodok
penduduk,urang doson
penduduk,warge
penduduknya,penduduknye
penelitian,paneliti
penelitian,penelitian
penelitiannya,penelitiannye
penembak,penembak
penemuan,penemuan
penerjemah,penerjemah
penerjemah,tukang terjemah
pengakuan,pengakuan
pengantin,bengian
pengantin,mempelai
pengantin,penganten
pengantin,urang kawen
pengaturan,pengaturan
pengaturan,tukang atur
pengawal,anak buah
pengawal,pengawal
pengawasan,ngawal
pengetahuan,banyak ilmu
pengetahuan,pangetahuan
penggemar,pangemar
penggemar,pengemar
penghargaan,penghargaan
penghulu,ketip
pengikut,pengikot
pengikut,pengikut
penginapan,penginapan
pengkhianat,panghianat
pengkhianat,penghianat
pengkhianat,tukang pudi
pengobatan,baubat
pengobatan,pengobatan
penguasa,bos
penguasa,penguase
penguasa,raje
penguasa,toke
penilaian,penilaian
penilaian,penilayan
penipu,pemudi
penis,kontol
penisilin,peneselen
penjelasan,penjelasan
penjualan,bejualan
penonton,penonton
pentingnya,pentingnye
penulis,penoles
penulis,penulis
penulis,tukang catet
penulisannya,penulisannye
penutup,penotop
penyajiannya,penyajiannye
penyelamat,panyelamat
penyelamat,penyelamat
penyelidikan,panyelidikan
penyelidikan,penyelidikan
penyerangan,bebonoan
penyerangan,begoco
penyerangan,belage
penyimpanan,nyimpan
penyimpanan,penyimpanan
penyu,penyu
penyusup,penyosop
penyusup,penyusup
pepaya,gedang
peperangan,beperang
perabot,perebot
perak,perak
perampok,perampok
perampok,prampok
perampokan,begal
perampokan,penodongan
perampokan,prampokan
peran,peran
perangkap,perangkap
perawan,gades
perawan,gadis
perawan,perawan
perawat,parawat
perawat,prawat
perawatan,bedandan
perawatan,berias
perawatan,perawatan
perayaan,acara
perayaan,perayean
perbatasan,batas
perbatasan,perbatasan
perbatasan,tugu
perbuatan,perbuatan
perburuan,bã¨buru
perburuan,pemburuan
percakapan,becarito
percakapan,ngobrol
percakapan,ngomong
perdagangan,perdagangan
perdamaian,bedamai
pergi,pegi
pergilah,pegilah
perguruan,perguruan
peri,peri
periode,periode
periode,priode
perjalanan,bejalan
perjalanan,pejalanan
perjanjian,bejanji
perjanjian,pejanjian
perkawinan,babesan
perkawinan,babini
perkawinan,kawen
perkelahian,bebonoan
perkelahian,begoco
perkelahian,bekapaan
perkelahian,belage
perkelahian,betujahan
perkemahan,bekemah
perkemahan,perkemahan
perkiraan,kirã¨-kirã¨
perkiraan,perkirã¨an
perlindungan,belindeng
perlindungan,pelindengan
perlombaan,belomba
perlombaan,pelombaan
perlombaan,perlombaan
permainan,bemaen
permainan,permaenan
permanen,permanen
permen,sakelat
permen,sekelat
permintaan,permintean
permintaan,pintek
permisi,parmisi
permukaan,permukaan
pernikahan,kawen
pernikahan,perkawenan
pernyataan,omongan
pernyataan,pernyatean
perpustakaan,perpustakaan
persahabatan,bekawan
persahabatan,persahabatan
persediaan,persediaan
persimpangan,persimpangan
persimpangan,simpang
persis,samenia
persis,saragi
pertahanan,betahan
pertahanan,pertahanan
pertamanya,pertamonye
pertandingan,betandeng
pertandingan,pertandengan
pertanian,pertanian
pertarungan,betarung
pertarungan,petarungan
pertempuran,batempur
pertempuran,petempuran
pertemuan,petemuan
pertimbangan,pertimbangan
pertualangan,petualangan
pertunjukan,acara
pertunjukkan,pertunjukkan
perubahan,berubah
perubahan,perubahan
perusahaan,perusahaan
perut,perot
perut,perut
perwarna,pewarne
perwira,perwira
pesak,pesak
pesan,bapesan
pesan,pesan
pesanan,mesan
pesanan,pesanan
pesantren,pesantren
pesawat,kapal terbang
pesawat,pasawat
pesawat,pasawat terbang
peserta,peserta
pesta,pesta
peta,peta
petak,petak
petani,petani
petarung,bakapak
petarung,bebonoan
petarung,begoco
petarung,belage
petarung,betarung
pete,petai
peternak,peternak
peternakan,baternak
peternakan,peternakan
peti,kotak
peti,peti
petik,petek
petir,peter
petualangan,bapetualang
petualangan,petualangan
petugas,patugas
petugas,petugas
petunjuk,petunjuk
piagam,piagam
piala,piala
piano,piano
pidato,pidato
pidato,sambutan
pidatonya,pidatonye
pihak,pihak
pikiran,bapeker
pikiran,pameker
pikiran,pemeker
pil,pel
pilih,peleh
pilihan,peleh
pilihan,pelehan
pilot,pilot
pilot,soper pesawat
pimpinan,bos
pimpinan,pemimpin
pimpinan,toke
pimpinannya,pimpinannye
pinjaman,pinjaman
pinta,pintek
pintu,lawang
pintunya,lawangnye
pipa,paralon
pipa,pipa
pipa,selang
pipih,lepek
piring,piring
pisah,saghak
pisang,pisang
pisau,ladeng
pistol,pistol
pita,pita
pizza,pizza
planet,planet
plasenta,tali pusat
plat,bg
plat,plat
pohon,pohon
poin,angko
poin,nomor
poin,poin
pola,pola
polisi,palisi
polisi,polisi
politik,politik
politiknya,politiknye
pompa,kumpo
pondok,pondok
pondok,ponok
ponsel,telepen
populasinya,populasinye
porno,porno
porsi,porsi
pos,pos
posisi,posisi
posisinya,posisinye
prajurit,prajurit
praktek,praktek
preman,pentol
preman,preman
presiden,presiden
prestasinya,prestasinye
pria,lanang
pribadi,pribadi
pribadinya,pribadinye
privasi,privasi
produk,produk
produksinya,produksinye
profesinya,profesinye
profesional,lihay
profesional,profesional
profesional,urang pintar
profesor,profesor
program,parogram
program,program
promosi,promosi
properti,properti
prosedur,prosedur
proses,proses
prosesnya,prosesnya
prosesnya,prosesnye
protokol,protokol
proyek,gawean
proyek,proyek
puan,puan
puas,puas
puasa,puase
publik,publik
publik,tempat rami
pucat,pucat
pucuk,pucuk
puisi,puisi
puisinya,puisinye
pujian,muji
pujian,pujian
pukul,pokol
pukulan,pokolan
pulangnya,baleknye
pulau,pulau
pulut,ketan
puncak,pucuk
puncak,tebing
puncaknya,pucuknye
pundaknya,bahunye
punggung,balakang
punya,ade
pupuk,pupuk
purba,purba
pusaka,pusako
pusat,pusat
putaran,beputar
putaran,putaran
putera,lanang
puteri,batine
putih,poteh
putra,putra
putranya,putranye
putri,putri
putrinya,putrinye
putus,potos
rabu,rebo
racun,racon
radang,radang
radiasi,radisi
radio,radio
ragamnya,ragamnye
ragi,agi
ragu,ragu
rahasia,rahasio
raja,raje
rajin,rajen
raksasa,reksasa
rakyat,rakyat
rakyatnya,rakyatnye
ram,ram
ramah,ramah
ramai,rami
rambut,rambot
rambutnya,ramutnye
ramuan,ramuan
rangka,ragke
rangkap,merangkap
rangking,rengkeng
ranjang,kasor
ranjang,ranjang
ranjang,tempat tido
rantai,rantai
rantang,tingkat
rantau,merantau
ranting,anting
rapat,rapat
rapuh,rapuh
rasa,rase
rasa,rasek
rasakan,rasekke
rasanya,abeknye
rasio,rasio
rata,rate
ratakan,rateke
ratanya,ratenye
ratu,putri
ratu,ratu
ratusan,ratusan
rawan,rawan
rawit,cabikembun
rebab,rehab
rebana,rebana
redup,kelam
regu,regu
rekaman,rekaman
rekan,kanti
rekan,kawan
rekannya,rekannye
rekayasa,rekayase
rekening,rekening
rekening,tabongan
rela,rela
remaja,bujang
remaja,gades
remaja,remaja
rencana,maksud
rencana,rencana
rencana,tujuan
rencananya,rencananye
renceh,senkecik
rendah,bawah
reporter,reporter
reporter,tukang tanye
reptil,reptil
resep,resep
resiko,resiko
resmi,resmi
resminya,resminye
restoran,restoran
restoran,uma makan 
retina,retine
rezim,rezim
rimba,rimbe
rimbun,imbun
rindang,rindang
rindu,indu
ringan,ingan
risiko,resiko
ritual,ritual
rival,saingan
robot,robot
roda,ban
roda,roda
roh,nyawe
roh,roh
rokok,kretek
rokok,rokok
rokok,temako
ronde,ronde
rotan,rutan
roti,roti
ruang,kamar
ruang,ruang 
ruangan,ruangan
ruh,roh
rumah,umah
rumahnya,umahnye
rumit,sego
rumor,isu
rumor,rumor
rumor,ujo
rumput,rumput
runcing,tajam
runtuh,roboh
rupa,upek
rupanya,upeknye
rupiah,rupiah
rusa,ruse
rusa,use
rusak,rusak
rusaknya,rusaknye
rute,rute
saatnya,saatnye
sabar,sabar
sabuk,sabok
sabuk,sabuk
sabun,sabon
sabun,sabun
sadar,sadar
sadarkan,sadarke
sagu,sagu
sah,sah
sahabat,kanti
sahabat,kawan
sahabatnya,kawannye
saham,saham
saksi,saksi
saku,kantong
salad,salad
salah,dakbeno
salak,salak
salam,salam
salat,samayang
salju,salju
saluran,saloran
saluran,saluran
sama,same
samaran,icak -icak
sambal,samal
sambung,samong
sampah,sampah
sampai,sampai
samping,sampeng
samping,samping
samping,sebelah
sampingnya,sampingnye
sampul,bungkus
sampurna,samperno
sandaran,senderan
sandera,sanra
sandera,tahanan
sanggar,sanggar
sanggup,sanggup
santa,santa
santai,santai
santan,santan
santri,santri
sapi,lembu
sapi,sapi
sapinya,sapinye
sapu,sapu
saran,bapesan
saran,saran
sarang,sarang
sarangnya,saghangnye
sarapan,makan
sarapan,srapan 
saringan,saringan
sarung,kaen
sarung,sarung
sasaran,sasaran
sastranya,sastranye
sate,sate
satelit,satelet
satelit,satlet
satelit,satlit
satu,sikok
satuan,satuan
satunya,sikoknye
saudagar,dulurnye
saudara,dulur
saudara,keluarga
saudara,sanak
saudaranya,dulurnye
saus,saos
sawit,sawet
sayang,sayangnye
sayapnya,sayapnye
sayur,sayur
sayuran,sayuran
searah,searah
seayah,sebak
sebabnya,sebabnye
sebaliknya,sebaleknye
sebaris,sebares
sebatang,sebatang
sebelah,sebelah
sebelas,sebelas
sebelumnya,sebelumnye
sebentar,tegal
seberang,sebrang
seberapa,seberape
sebesar,sebesar
sebidang,sebidang
sebotol,sebotol
sebotol,segeda
sebulan,sabulan
sebut,sebut
sebutan,sebutke
sebutkan,nyebutke
secara,secarek
secepatnya,secepatnye
secukupnya,secukupnye
sedangkan,sedangke
sedap,lemaknia
sederet,baderet
sederhana,sederhana
sediakan,sediake
sedih,sedih
sedikit,dikit
sedikitnya,sedikitnye
sedimen,sedimen
sedunia,sedunia
segan,segan
segar,segar
segaris,segares
segi,segi
segmen,segmen
segulung,sagulung
seharga,seharge
sehari,saghai
sehat,sehat
sehingga,sehingga
seiring,sejalan
sejahtera,sejahtera
sejajar,sajajar
sejak,sejak
sejalan,sajalan
sejarah,kiso
sejarah,sejarah
sejarahnya,sejarahnye
sejati,sejati
sejuk,sejuk
sekarang,mikak
sekata,sekate
sekda,sekda
sekelilingnya,sekelilingnye
sekelompok,sakelompok
seketika,seketika
sekian,sekian
sekilas,sekilas
sekilo,sekilo
sekitarnya,sekitarnye
sekolahnya,sekolahnye
sekretaris,seketaris
seks,seks
seksi,bahenol
seksual,seksual
sektor,sektor
sekutu,sekutu
sel,sel
selaku,selalu
selam,nyelam
selamanya,selamenye
selamat,selamat
selamatkan,selamatke
selangit,selangit
selanjutnya,selanjutnye
selaput,selaput
selasa,slaso
selasih,selasih
selat,selat
selatan,slatan
selayang,selayang
selebihnya,selebihnye
seleksi,seleksi
selendang,selendang
selepas,selepas
selera,galak
selera,hobi
selera,selera
selera,slera
selesai,dem
selesaikan,demkelah
selimut,selimut
selisih,selisih
selnya,lambat
selo,selo
seluas,selibok
selubung,selubung
seluruh,galek
seluruhnya,galeknye
semakin,semakin
semalam,semalam
semangat,semangat
semasa,semase
semata,sematek
sembab,sembab
sembah,sembah
sembahyang,samayang
sembarangan,basengnye
sembilan,samilan
semboyan,semboyan
sembur,sembur
semenanjung,semenanjung
sementara,sementaro
semesta,semesta
semester,semester
semestinya,semestinye
semi,semi
semifinal,semifinal
seminar,seminar
seminggu,saminggu
semisal,umpamo
sempat,sempat
sempit,sempit
semprong,semprong
semu,semu
semuanya,galeknye
semula,semula
semut,semot
senapan,bedil
senapan,bedil burung
senapan,kacepek
senator,senator
sendiri,sughang
sendirinya,sughangnye
sendok,sendok
seng,seng
sengaja,sengaje
sengketa,sengketa
seni,seni
seniman,seniman
senin,senen
senin,senin
seninya,seninye
senior,senior
senior,urang tue
seniornya,seniornye
senjata,senjate
sensitif,mudahtasingung
sensor,sensor
sensus,sensus
sentimen,sentimen
sentral,sentral
sentuh,pegang
senyum,senyom
senyum,tasangigi
senyum,tasengom
seorang,surang
sepaham,sepaham
sepak,tendang
sepakat,satuju
sepakat,tuju
sepakbola,bola kaki
separuh,separoh
sepatu,sepatu
sepeda,kareto
sepeda,kreto
sependapat,sependapat
sepertiga,sepertige
sepiring,sapiring
sepotong,sepotong
september,september
sepuluh,sepuluh
seragam,pakaian lengkap
seragam,seragam
serahkan,serahke
serambi,serambi
serang,serang
serangan,serangan
serangga,rayap
serangga,serangge
seratus,seratus
seremban,sereban
seribu,seribu
serigala,srigala
serikat,serikat
serius,sabenonye
serong,serong
sersan,sersan
serta,serta
sertifikat,sertifikat
serumpun,saumpun
serupa,samebae
server,server
sesaat,sesat
sesak,sesak
sesama,sesame
sesat,sesat
seseorang,seseorang
sesuai,sesuai
sesungguhnya,sesungguhnye
setahun,sataun
setan,jeraul
setan,setan
setara,setara
setelah,setelah
setelahnya,setelahnye
setengah,setengah
seterusnya,seterusnye
setia,setio
setiap,setiap
setidaknya,setidaknye
setumpuk,setumpuk
seumpama,seumpame
seumur,saumur
seusai,sesuai
sewa,sewa
sewah,siweh
shalat,samayang
siang,siang
siapa,sape
siapkan,siapke
siaran,siaran
sibuk,sibuk
sidang,sidang
sifat,sifat
sifat,tabeat
sifat,watak
sifatnya,tabeatnye
sihir,nyihir
sihir,sihir
sikapnya,sikapnye
siku,siku
silahkan,silahkan
silam,silam
silang,silang
silat,silat
silau,silau
simbol,simbol
simbol,simol
simpan,simpan
simpanan,simpanan
simpang,simpang
simpati,simpati
sinar,sinar
singa,singa
singgah,singgah
singkat,singkat
singkatnya,singkatnye
sini,sikak
sinonim,sinonim
sinopsis,sinopsis
sinyal,sinyal
sipil,sipil
siram,ceboh
siri,lanap
sirip,sirip
sirkulasi,sirkulasi
sirup,sirup
sisa,bekas
sisa,kas
sisa,sise
sisanya,sisenye
sisi,sebelah
sisi,sisi
sisik,sesek
sisinya,sisinye
sistem,carek
sistem,sistem
siswa,budak sekolah
siswa,murit
siswa,siswa
siswanya,muritnye
situ,situ
situasi,situasi
situs,situs
siung,siung
skala,skala
skenario,skenario
skor,nilai
smp,smp
smu,sma
soal,soal
sobat,kanti
sobat,kawan
sobek,caghek
soda,soda
sokongan,sokongan
solar,solar
sombong,somong
songket,songket
sop,sop
sopir,sopir
sopir,supir
sore,petang
sosial,sosial
soto,soto
sperma,sperma
spesies,jenis
spesies,spesies
stadium,stadium
standar,standar
stasiun,stasiun
status,status
statusnya,statusnye
stempel,stempel
stop,stop
studi,sekolah
studi,studi
studio,studio
suami,laki
suaminya,lakinye
suap,suap
suara,suara
suaranya,suaranye
suasana,suasana
suasana,suasane
subur,subur
sudah,demlah
sudut,mencu
sudut,sudut
sugih,sugih
suhu,suhu
suka,galak
sukses,sukses
suku,daerah
suku,suku
sukun,sukun
sulap,sulap
sulit,sego
sulitnya,segonye
sulung,tue
sumber,asal
sumber,sumer
sumpah,sumpah
sumpit,sompet
sunah,sunah
sunat,sunat
sungai,sungai
suntik,sontek
sunting,lamar
sup,sop
supermarket,supermarket
surat,sughat
suratnya,sughatnye
surga,surgo
suruh,suruh
surya,surya
susah,segoh
suster,prawat
suster,suster
susu,susu
susun,susun
syaitan,setan
syarat,sarat
syarat,syarat
taat,taat
tabu,tabu
tadah,takuh
tagihan,tagehan
tahanan,tahanan
tahanan,tawanan
tahta,tahta
tahu,tahu
tahun,taun
tahunan,taunan
tahunnya,tahunnye
tai,tai
tajam,tajam
takdir,nasib
takdir,takdir
taksi,mobel pedesaan
taksi,taksi
talam,talam
talas,keladi
tali,tali
taman,taman
taman,tempat bemaen
tamat,tamat
tambah,nambah
tambahan,tamahan
tambahan,tambahan
tambahan,tetambah
tambang,tamang
tambang,tambang
tampan,ganteng
tampilan,gambarnye
tamu,tamu
tamu,urang tanang
tanah,tanah
tanahnya,tanahnye
tanam,tanam
tanaman,tanaman
tandan,tandan
tandang,tandang
tanding,tanding
tandingnya,tandingnye
tanduk,tanduk
tangan,tangan
tangannya,tangannye
tangga,tange
tangga,tangge
tanggal,tangal
tanggal,tanggal
tangganya,tangganye
tanggap,tanggap
tanggungjawab,tanggungjawab
tangkap,tangkap
tangki,tengki
tangki,tong
tangkis,tangkis
tani,tani
tank,teng
tantang,tantang
tantangan,tantangan
tanya,tanye
tapai,tapai
tapak,tapak
tapi,tapi
target,target
target,terget
tari,tari
tarian,nari
tarian,tarian
tarif,taref
tarik,tarek
taring,taring
taruhan,taroan
taruhan,taruan
tas,tas
tasawuf,tasawuf
tata,atur
tatar,tatar
tato,tato
tau,tau
tawar,tawar
tawaran,nawar
tawaran,tawaran
tebal,tebal
tebing,tebeng
tebu,tebu
tegaknya,tegaknye
tegap,tegap
tegas,tegas
teguh,teguh
teh,teh
tekanan,tetekan
teknik,carek
teknik,teknik
teknologi,teknologi
teladan,teladan
telaga,telage
telanjang,telanjang
telepon,telepun
telepon,telpon
televisi,televisi
telinga,telinge
teliti,teliti
telpon,telepon
telpon,telpun
telur,telok
telurnya,teloknye
teman,kanti
teman,kawan
temannya,kawannye
tembaga,tembaga
tembakan,temaan
tembakan,temakan
tembang,tembang
tembok,dinding
tembok,tebing
tembok,temok
temen,temen
tempat,tempat
tempatnya,tempatnye
tempe,tempe
tempoyak,jeghuk
tempoyak,tempoyak
tempuh,tempoh
tempur,tempur
tempurung,tempurung
temuannya,temuanye
temukan,temuke
tenaga,tanaga
tenaga,tenaga
tenaga,tenage
tenaga,tenago
tenang,tenang
tenanglah,tenanglah
tengah,tengah
tengahnya,tengahnye
tengger,tengger
tentara,tantara
tentara,tentra
tentunya,tentunye
tenun,tenun
teori,penapat
teori,pendapat
teori,teori
teorinya,teorinye
tepat,tepat
tepi,pinggir
tepi,sudut
tepuk,tepuk
terang,terang
teras,teras
terasa,terasek
terbaca,tebace
terbagi,tabage
terbakar,tabakar
terbalik,tabalek
terbangun,tabangon
terbawa,terbawa
terbawah,taune
terbayang,tabayang
terbenam,tabenam
terbentang,tabentang
terbentuk,tabentuk
terbesar,tabesok
terbit,terbit
terbitkan,terbitke
terbuat,tabuat
terbuka,tabukak
terbukti,tabukti
terbunuh,tabonoh
tercampur,tercampur
tercantum,tacantum
tercapai,tacapai
tercatat,tacatat
tercemar,tacemar
tercepat,tagancang
tercipta,tabuat
tercuci,tacuci
terdekat,terpaghak
terdengar,tadengo
terendam,tarendam
tergabung,tagabung
terganggu,taganggu
tergantung,tagantung
tergenang,tagenang
tergores,tagores
terhenti,tarenti
terhitung,taitung
terhitung,tareken
terhormat,terhormat
terhubung,tasambung
terigu,gandum
terikat,takebat
terima,trime
terimakasih,tarimekaseh
terindah,tarengkeh
teringat,tingat
terinspirasi,terinspirasi
terjadi,tajadi
terjadilah,tajadilah
terjadinya,tajadinye
terjaga,tajage
terjangkau,tajangkau
terjangkit,tajangkit
terjatuh,talabuh
terjebak,tajebak
terjemahan,terjemahan
terjerat,tajerat
terjual,tajual
terjun,tejun
terkait,takait
terkaya,palingsogeh
terkecil,takecik
terkejut,takejut
terkenal,takenal
terkesan,takesan
terkini,terkini
terkumpul,takumpul
terkurung,takurung
terlalu,belebian
terlalu,terlalu
terlambat,talambat
terlanjur,talanjur
terlaris,talares
terlepas,talepas
terletak,taletak
terlibat,talibat
terlihat,takelek
terlihat,taliat
terlilit,talelet
terluas,taluas
terluka,taluke
termahal,tamahal
termakan,tamakan
termasuk,tamasuk
ternyata,ternyata
teror,teror
teroris,teroris
terowongan,gorong-gorong
terowongan,trowongan
terpadu,terpadu
terpakai,tapakai
terpaksa,tepakso
terpanjang,tapajang
terpencil,tapencil
terpenting,terpenting
terpercaya,tapecaye
terpikat,tapikat
terpikir,tapikir
terpilih,tapilih
terpimpin,tapimpin
terpisah,tapisah
terpisahkan,terpisahke
terpopuler,takenal
terpotong,tapotong
terpuruk,tapuruk
terpusat,tapusat
tersambung,tasambung
tersangka,tasangke
tersangkut,tasangkut
tersebar,tasebar
tersebut,taomong
tersebut,tasebut
tersedia,tasadio
tersendiri,surang
terserah,taserah
tersimpan,tasimpan
tersinggung,tasinggung
tersirat,tasirat
tersisa,tasise
tersisih,tersisih
tersusun,tasusun
tertangkap,tatangkap
tertawa,tertawe
tertentu,tertentu
tertuang,tatuang
tertulis,tatulis
tertunda,tatundah
tertunda,tatunde
tertusuk,tatujah
tertutup,tatutup
terungkap,taungkap
teruntuk,teruntuk
terutama,terutamo
tes,ngetes
tes,tes
tes,uji
tesis,tesis
tetangga,tetange
tetangga,urang parak uma
tetangga,urang sebelah uma
tetangganya,tetanggenye
tetapi,tetapi
tewas,mati
tiada,suek
tiang,tiang
tiangnya,tiangnye
tiap,tiap
tiarap,tiarap
tibanya,datangnye
tidak,dak
tidaklah,daklah
tiga,tige
tigabelas,tigebelas
tikar,tiko
tiket,tiket
tikungan,tikungan
tikus,tikos
tikus,tikus
tim,tim
timbul,nimbul
timnya,timnye
timpa,timpe
timur,timor
timur,timur
tindakan,tindakan
tindakannya,tindakannye
tindih,tindih
tinggal,tinggal
tinggalnya,tinggalnye
tinggi,tinggi
tingginya,tingginye
tingkat,tingkat
tingkatan,tingkatan
tinju,goco
tinju,tinju
tipis,tepes
tipis,tipis
tirinya,tighainye
tiruan,palsu
titel,pangkat
titik,titik
tiup,tiup
toilet,bong
toilet,toilet
toilet,wc
toko,warong
toko,warung
tokoh,tokoh
tokohnya,tokohnye
tolong,tulung
tolonglah,tulunglah
tomat,tomat
tombol,angko
tombol,ketikan
tombol,tempat ngetik
tombol,tomol
ton,ton
tong,tong
tonggak,unyo
tongkat,tongkat
top,ngetop
topeng,topeng
topi,topi
topik,topik
toraja,toraje
total,total
tradisi,adat
tradisi,tradisi
tradisinya,tradisinye
tradisional,tradisional
tragedi,musibah
training,training
trans,trans
transfer,kirim
trauma,trauma
trik,seher
trik,sihir
trik,trik
tropis,tropis
truk,mobel bak
truk,trok
tua,tue
tuanku,tuanku
tuanya,tuenye
tubuh,awak
tubuh,badan
tubuh,tubuh
tubuhnya,awaknye
tuduh,nuduh
tuduhan,dituduh
tuduhan,nuduh
tuduhan,penuduh
tugas,tugas
tugasnya,tugasnye
tugu,tugu
tuhan,allah
tuhan,tuhan
tujuan,ancap
tujuan,tujuan
tujuannya,tujuannye
tujuh,tujuh
tukang,tukang
tulang,tulang
tulisan,tolesan
tulisan,tulisan
tulisannya,tulisannye
tulung,tulung
tumbang,rubuh
tumbuh,membesok
tumor,tumor
tumpah,tumpah
tumpuan,tempat bapijak
tumpukan,tumpuke
tumpul,majal
tunangan,calon laki/bini
tunangan,nak belaki/bebini
tunangan,tunangan
tunangannya,tunangannye
tunas,tunas
tunduk,tunduk
tunggal,sikok
tunggu,tunggu
tunggul,tunggul
tungku,tungku
tunjang,sanggeh
tunjang,tunjang
tunjuk,tunjuk
tunjukkan,tunjukke
tupai,tupai
tur,tur
turis,turis
turnamen,batanding
turun,tughun
turunkan,turunke
turunnya,turunnye
turut,ikut
turut,milu
tusuk,tujah
tusukan,tujahan
tutur,bahaso
uang,doet
uang,sen
uangnya,sennye
uap,uap
ubi,ubi kayu
ucapan,cerito
ucapan,omongan
udang,udang
udara,udara
udara,udare
udara,udaro
udaranya,udaranye
ujian,cobaan
ujian,musibah
ujian,ujian
ujung,ojong
ujung,ujung
ujungnya,ujungnye
ukiran,ukiran
ukirannya,ukirannye
ukur,ukur
ukuran,okoran
ukuran,ukuran
ukurannya,ukurannye
ular,ulo
ulet,kuasonia
ulos,ulos
umat,hamba
umat,umat
umpama,umpamo
umpamanya,umpamonye
umpan,kucur
umpan,pelet
umpan,umpan
umum,umum
umumnya,umumnye
umur,omor
umur,umur
umur,usio
umurnya,omornye
undangan,undangan
unik,unik
unit,sektu
unit,unit
universitas,universitas
untuknya,untuknye
untung,untung
upacara,upacara
upaya,upayo
upayanya,upayonye
urat,ughat
urus,luruh
urusan,orosan
urusan,urusan
urut,ughut
urutan,urutan
usah,jangan
usaha,usaho
usahanya,usahanye
usai,dem
usang,baghai
usia,omor
usia,umur
usia,usio
usianya,omornye
usianya,umurnye
usul,saran
usus,usus
utama,utamo
utamanya,utamonye
utan,utan
utara,utara
vampir,pampir
variasinya,variasinye
video,vidio
visi,visi
wabah,penyakit
wafat,mati
wafatnya,matinye
wajah,mekan
wajahnya,mekannye
wajar,wajar
wajik,wajek
wakil,wakel
wakil,wakil
wakilnya,wakilnye
waktu,dang ituni
waktu,waktu
wali,wali
walikota,walikota
wangi,ghum
wanita,betine
warga,urang dusun
warga,warge
warganya,warganye
waris,wares
warna,warne
warnanya,warnenye
wartawan,urang meliput
wartawan,wartawan
watak,tabeat
wawancara,ditanye-tanye
wawancara,wawancara
wilayah,daerah
wilayah,wilayah
wisatawan,wisatawan
wisma,wisma
wisuda,wisuda
wong,wong
ya,ao
yasin,yasen
zaman,empai ni
zaman,zaman
zamannya,jamannye
zona,zona
