indonesian,malay
aba aba,petunjok
aba-aba,ancang-ancang
abad,abad
abadi,abadi
abadi,kekal
abai,abai
abang,abang
abang,kakanda
abang,kanda
abangnya,abangnye
abdi,abdi
abdi,pembantu
abis,abes
abjad,abjad
absah,sahih
abses,abses
absolut,absolut
abstrak,abstrak
abstrak,samar-samar
abstrak,tak jelas
abstrak,tak tentu
abu,abu
abu-abu,kelabu
acar,acar
acara,perhelatan
acuan,acuan
ada,ada
ada,ade
ada,terdapat
ada,wujud
adab,adab
adakan,mulekan
adalah,adelah
adanya,adenya
adaptasi,adaptasi
adapula,adepula
adapun,adapun
adapun,adepun
adat,adat
adatnya,adatnye
adegan,adegan
adik,adek
adik,adik
adik,adinda
adik,dinda
adiknya,adiknye
adiktif,adiktif
adil,adil
administrasi,surat menyurat
adonan,adunan
adu,lage
aduk,kacau
advokat,pengacare
agak,agak
agama,agama
agamanya,agamanye
agar,agar
agar,supaya
agar,supaye
agen,agen
agen,ejen
agenda,agenda
agenda,jadwal
agresif,agresif
agung,agong
agustus,ogos
ahad,ahad
ahli,ahli
ahli,pakar
air,air
airku,aeku
airnya,aenye
ajaib,ajaeb
ajaibnya,ajaebnye
ajarannya,ajarannye
akad,akad
akademi,akademi
akademisnya,akademisnye
akal,akal
akalnya,akalnye
akan,akan
akar,akar
akbar,akbar
akhir,selesai
akhir,tamat
akhirnya,akhirnye
akhlak,budi
akibat,akibat
akibatnya,akibatnye
akomodasi,akomodasi
akrab,akrab
akronim,singkatan kate
aksara,aksara
aksara,urof
aksen,aksen
aksen,logat
akses,izin
aksi,tindakan
akta,akte
aktif,aktif
aktif,giat
aktifitas,aktivitas
aktifnya,aktifnye
akting,lakon
aktivis,pegiat
aktivitas,kesibokan
aktor,pelakon
aktris,aktris
aktris,pelakon
aku,aku
aku,saye
akuntan,administrasi
akuntan,akuntan
akurat,pas
akurat,tepat
akut,akut
alam,lingkungan
alamat,jalan
alamat,tempat
alami,alami
alamnya,alamnye
alang,alang
alarm,pengingat
alas,alas
alasannya,alasannye
alasannya,dalihnye
alat,alat
alat,perkakas
alatnya,alatnya
alatnya,pekakasnye
album,album
alergi,alergi
alien,alien
alim,alim
alir,alir
aliran,aleran
alkitab,alkitab
alkohol,alkali
alkohol,alkohol
allah,allah
almarhum,allahyarham
almarhum,almarhum
almarhum,arwah
almarhum,mendiang
almarhumah,mendiang
alo,kemanak
alokasi,alokasi
alokasi,peruntukan
alquran,qor'an
alternatif,cadangan
alternatif,pilihan
alumni,alumni
alun,alun
alur,alo
amal,amal
amalan,amalan
aman,aman
amanah,amanah
amanat,amanat
amat,paleng
amatir,pemula
ambang,ambang
ambil,ambek
ambil,ambil
ambil,muat
ambisi,ambisi
ambisi,hasrat
amis,ames
amis,anyi
amplop,amplop
amplop,sampul
ampun,ampun
ampun,maaf
anak,anak
anak,budak
anakan,anakan
anaknya,anaknye
analis,analis
analisis,analisis
ananda,ananda
ancang,ancang
anda,anda
andal,lihai
andalan,andalan
andam,andam
andam,besolek
andil,andil
aneh,aneh
aneh,laen
aneka,bemacam
anemia,anemia
anestesi,anastesi
angan,angan
anggan,anggan
anggap,anggap
anggapan,anggapan
anggapan,sangke
anggota,ahli
anggota,anggota
anggotanya,anggotanye
anggrek,anggrek
anggun,anggun
anggur,anggur
angin,angin
angka,angka
angkasa,angkasa
angkat,angkat
angkatan,angkatan
angkatan,askar
angkatan,laskar
angkot,angkot
angkut,angkut
angkutan,angkutan
anjing,anjing
anjung,anjung
anjungan,anjungan
antara,antare
antarabangsa,antabangse
antaranya,antaranye
antaretnis,antaetnis
antartika,antartika
antena,antena
anti,anti
antibiotik,antibiotik
antibodi,antibodi
antimalaria,antimalaria
anting,anteng
antioksidan,antioksidan
anugerah,anugerah
anugerah,anugrah
anut,anut
anyaman,anyaman
apa,ape
apabila,apabile
apakah,apekah
aparat,aparat
aparat,pegawai
apartemen,apartemen
apbn,apbn
apel,apel
api,api
apik,apik
apit,besatu
aplikasi,aplikasi
apresiasi,apresiasi
april,april
aqidah,aqidah
arah,arah
arah,hala
arahan,arahan
arak,arak
arang,arang
area,lokasi
area,tempat
arena,arena
argumen,alasan
aroma,bau
arsip,berkas
arti,arti
arti,erti
arti,makne
artikel,artikel
artikel,wacana
artinya,artinye
arus,aros
asahan,asahan
asal,asal
asalkan,asalkan
asalnya,asalnye
asam,asam
asam,asid
asam,masam
asap,asap
asas,dasa
aset,aset
asi,asi
asin,masin
asinan,asinan
asing,aseng
asisten,asisten
asisten,pembantu
asli,asli
aslinya,aslinye
asma,bengik
asmara,asmara
asongan,asongan
asosiasi,kumpulan
aspek,aspek
aspirasi,aspirasi
asrama,asrama
asri,asri
astaga,astage
astronot,astronot
asuhan,asuhan
asumsi,misal
atap,atap
atapnya,atapnye
atas,atas
atasi,atasi
atasnya,atasnye
atau,atau
ataupun,ataupun
atlit,atlet
atom,atom
atur,ato
atur,atur
atur,aturkan
atur,tetapkan
aturan,aturan
aula,aula
aula,dewan
aula,majlis
awak,aku
awak,saya
awal,awal
awal,permulaan
awalan,awalan
awalnya,awalnye
awam,awam
awam,umom
awan,awan
awang,awang
awas,awas
awasi,pantau
ayah,ayah
ayah,bapak
ayahnya,ayahnye
ayam,ayam
ayat,ayat
ayo,jom
ayo,yok
ayolah,jomlah
ayolah,yoklah
ayu,lawa
azab,azab
azan,azan
bab,bab
babak,babak
babat,babat
babat,tebas
babi,babi
baca,bace
bacaan,bacean
bacakan,bacekan
bacang,bacang
badai,angin
badai,ribut
badak,badak
badan,agensi
badan,badan
badannya,badannye
badminton,badminton
bagai,bagai
bagai,macam
bagaimana,bagaimane
bagaimanapun,bagaimanepun
bagan,bagan
bagi,bagi
bagian,bagian
baginya,baginye
bagus,bagus
bagus,elok
bahagian,sebagian
bahan,bahan
bahannya,bahannya
bahari,bahari
baharu,baharu
bahasa,bahasa
bahasan,bahasan
bahasanya,bahasenye
bahaya,ancaman
bahaya,bahaya
bahkan,bahkan
bahu,bahu
bahwa,bahwe
bahwasanya,bahwesannye
baik,baek
baiklah,baeklah
baiknya,baiknye
bait,baet
baja,baja
baja,keluli
bajak,bajak
bajing,musang
bajingan,bangsat
baju,baju
bajunya,bajunye
baka,baka
bakal,bakal
bakar,baka
bakat,bakat
bakatnya,bakatnye
bakau,bakau
baki,baki
baki,talam
bakmi,bakmi
bakpao,bakpao
bakso,bakso
bakteri,bakteria
bakti,bakti
bakti,jase
baku,baku
bakunya,bakunye
bakwan,bakwan
balai,balai
balai,dewan
balap,balap
balap,berlumba
balap,lumba
balap,lumbe
balas,balas
balas,dendam
balasan,balasan
bale,bale
balik,balik
balik,puto
balok,balok
balut,balut
bambu,bambu
bambu,buluh
ban,tayar
banci,banci
band,band
bandar,bandar
bandar,bando
bandara,lapangan terbang
bando,bando
bang,bang
bangau,bangau
bangga,bangge
bangkai,bangkai
bangkit,bangkit
bangkrut,bangkrut
bangku,bangku
bangsanya,bangsenye
bangsawan,bangsawan
bangun,bangkit
bangun,bangun
bangun,bina
bangunan,bangunan
bangunan,gedung
bangunlah,bangkitlah
bangunnya,bangkitnye
bank,bank
bankir,bankir
bantah,bantah
bantah,nafikan
bantal,bantal
bantang,bantang
banting,hempas
bantuan,bantuan
banyak,banyak
banyaknya,banyaknye
bapa,ayah
bapa,bapak
bapak,bapak
bapaknya,bapaknye
bar,bar
bar,klub
bara,bara
barang,barang
barat,barat
baring,goleng
baris,baris
barisan,barisan
baron,baron
baru,baru
barulah,barulah
barunya,barunye
basa,basa
basah,basah
basah,lecah
basi,basi
basis,basis
basmi,basmi
basuh,basuh
basung,basung
bata,bata
batang,pokok
batangan,batangan
batangnya,batangnye
batara,batubare
batas,batas
batas,had
batasnya,batasnye
batasnya,sepadannye
baterai,baterai
batik,batik
batin,batin
batu,batu
batubara,batubare
batuk,batuk
bau,bau
bau,busuk
baunya,baunye
bawa,angkut
bawa,bawa
bawah,bawah
bawahnya,bawahnye
bawang,bawang
bayam,bayam
bayan,bayan
bayang,bayang
bayangan,bayangan
bayangkan,bayangan
bayar,baya
bayar,belanje
bayi,bayi
bazar,bazar
beban,beban
bebas,bebas
bebas,lepas
bebek,duck
beberapa,beberape
becak,becak
beda,bede
bedah,bedah
bedanya,bedenye
begini,begini
begini,macamni
begitu,begitu
begitu,macamtu
begitulah,macam tulah
begitupun,begitupun lah
begitupun,macamtu punlah
bejana,bejana
bejana,bejane
bekal,bekal
bekas,bekas
bekas,terpakai
bekerja,bekeje
bel,bel
bel,lonceng
bela,bele
beladiri,belediri
belah,belah
belajar,belaje
belakang,belakang
belakang,sebalek
belakangan,kendian
belakangnya,belakangnye
belalang,belalang
belas,belas
belati,pisau
beli,beli
belia,belia
beliau,beliau
belok,belok
belum,belum
benang,benang
benar,benar
benar,betul
benarkah,betulke
bencana,bencana
benci,benci
benda,benda
bendera,bendera
bendi,bendi
bengkak,bengkak
benih,benih
benih,bibit
bening,bening
bensin,bensin
benteng,benteng
benteng,kubu
bentuk,bentuk
bentuknya,bentuknye
berabad,beabad
berada,berade
beradat,beradat
beradik,beradek
beradu,belage
beragam,bemacam
beragama,beragame
berair,berae
berakal,berakal
berakhir,berakhir
berakhir,tamat
berakhlak,berakhlak
berakibat,beakibat
beraktivitas,beaktivitas
beralamat,bealamat
beralasan,bealasan
beralasan,bedaleh
beralih,bepindah
beraliran,bealou
beralkohol,bealkohol
beranak,beranak
beraneka,bemacam
berang,berang
berangan,behayal
berangan,berangan
beranggotakan,beanggotakan
berangin,beangin
berangkat,begerak
berangkat,berangkat
berangkat,pegi
berani,berani
beranjak,begerak
beranjak,bepindah
berantai,berantai
berapi,berapi
beraroma,bebau
berarti,bati
beras,beras
berasa,berase
berasal,berasal
berat,berat
beratap,beratap
beratnya,beratnye
beratus,beratus
berawal,beawal
berawal,bemule
berawan,berawan
berbadan,bebadan
berbagai,bebagai
berbagi,bebagi
berbagi,bekongsi
berbahan,bebahan
berbahasa,berbahase
berbahaya,bebahaye
berbaju,bebaju
berbakat,bebakat
berbalas,bebalas
berbalik,bebalek
berbanding,bebanding
berbanjar,bebanjar
berbasis,bebaris
berbasis,bejaja
berbatasan,besebelah
berbatasan,besempadan
berbaur,becampo
berbeda,bebede
berbeda,tak same
berbedak,bebedak
berbedak,besolek
berbentuk,bebentuk
berbincang,bebual
berbintang,bebintang
berbisa,bebise
berbisnis,beniage
berbohong,bebengak
berbuah,bebuah
berbuat,bebuat
berbudaya,bebudaye
berbukit,bebukit
berbumbu,bebumbu
berbumbu,berase
berbunga,bebunge
berbunyi,bebunyi
berburu,beburu
bercabang,becabang
bercahaya,becahaye
bercak,bebecak
bercampur,becampo
bercerai,becerai
bercerita,bebual
bercerita,becite
bercinta,becinte
bercita,becite
bercocok,betanam
bercorak,becorak
bercumbu,becumbu
berdagang,bedagang
berdagang,bejual
berdakwah,bedakwah
berdampak,bedampak
berdampingan,bedampingan
berdarah,bedarah
berdasar,bepatok
berdasar,berdasar
berdasarkan,bepatokan
berdasarkan,berdasarkan
berdaun,bedaun
berdebat,bedebat
berdecak,begurau
berdekatan,bedekat
berdekatan,besebelah
berdendang,bedendang
berdesakan,bedesakan
berdesakan,berempetan
berdiam,bediam
berdiameter,bediameter
berdinas,bedinas
berdiri,bediri
berdirinya,bedirinye
berdoa,bedoa
berdua,bedue
berdurasi,bewaktu
berduri,beduri
bereaksi,bereaksi
beredar,bereda
berenang,berenang
berencana,beancang
berencana,becadang
beresiko,beresiko
berevolusi,berevolusi
berfikir,bepike
berfokus,befokus
berfungsi,befungsi
berfungsi,bekeje
bergabung,becampo
bergantian,begele
bergantung,begantung
bergantung,besenggayut
bergaris,begaris
bergaya,begaye
bergelimang,belimpah
bergelombang,begelombang
bergelut,begelut
bergengsi,begengsi
bergerak,begerak
bergerigi,begerigi
bergerilya,begerilya
bergotong,begotong
bergulat,bekelai
berguna,bergune
bergurau,begurau
berguru,belaja
berhadapan,behadap
berhak,behak
berhaluan,behaluan
berharap,beharap
berharga,berharge
berhasil,behasel
berhasil,bejaye
berhubungan,behubungan
berhulu,berulu
beri,kasi
berikan,kasilah
beriklim,beiklim
berikut,berikut
berikutnya,berikutnye
beriman,beiman
berimigrasi,bepindah
beringin,beringin
berisi,beisi
berisik,bising
berisikan,beisikan
berita,berita
berita,informasi
berita,kabar
beritahu,bagitau
berjalan,bejalan
berjanji,bejanji
berjarak,bejarak
berjasa,bejase
berjauhan,bejauh
berjaya,bejaye
berjualan,bejual
berjuang,bejuang
berjuang,berusahe
berjudul,bejudol
berjumlah,bebilang
berkabar,bekabe
berkah,berkat
berkah,keberkatan
berkaitan,bekaetan
berkaki,bekaki
berkali,bekali
berkantor,bekanto
berkapasitas,bekapasitas
berkarakter,bekarakter
berkarir,bekarir
berkarya,berkarya
berkat,berkat
berkata,bekate
berkawan,bekawan
berkayu,bekayu
berkeadilan,bekeadilan
berkebangsaan,bekebangsean
berkedudukan,bekedudukan
berkeinginan,bekehendak
berkekuatan,bekuase
berkelahi,begelut
berkelahi,bekelai
berkelahi,belage
berkelanjutan,besambung
berkelebihan,belebeh
berkeliling,bepuseng
berkelompok,bekelompok
berkeluarga,bekeluarge
berkemah,bekemah
berkemampuan,bekemampuan
berkembang,bangun
berkembang,bekembang
berkembang,berkembang
berkembangnya,bekembangnye
berkenalan,bekenal
berkepanjangan,bereko
berkerumun,beramai
berkesimpulan,bekesimpulan
berketombe,beketembe
berketurunan,beketurunan
berkiprah,bekiprah
berkisah,bekisah
berkisar,bekisa
berkompetisi,belomba
berkomunikasi,becakap
berkuasa,bekuase
berkuliah,bekuliah
berkulit,bekulit
berkumpul,bekompol
berkunjung,bekunjong
berkurang,bekurang
berlabuh,belaboh
berlaga,belage
berlakon,belakon
berlaku,belaku
berlakunya,belakunye
berlalu,belalu
berlalu,berlalu
berlandaskan,belandaskan
berlangsung,belangsong
berlangsungnya,belangsongnye
berlanjut,belanjot
berlantai,belantai
berlapis,belapes
berlari,belari
berlatih,belateh
berlawanan,belawan
berlayar,belaya
berlebih,belebeh
berlebihan,belebihan
berlebihan,tamak
berlian,berlian
berlibur,belancong
berlima,belima
berlimpah,belimpah
berlindung,belindong
berlipat,belipat
berlisensi,belesen
berlokasi,betempat
berlomba,belumbe
berlubang,belobang
bermacam,bemacam
bermain,bemain
bermakna,bemakne
bermaksud,bemaksod
bermalam,bemalam
bermanfaat,begune
bermarkas,bemarkas
bermasalah,bemasalah
bermasyarakat,bemasyarakat
bermerk,bemerek
bermotor,behonda
bermuara,bemuare
bermukim,bemukim
bermula,bemule
bermusyawarah,bemusyawarah
bermusyawarah,bepakat
bernafas,benapas
bernama,bename
bernaung,benaung
berniat,beniat
bernilai,benilai
bernomor,beangke
bernuansa,benuansa
bernutrisi,benutrisi
bernyanyi,benyanyi
berolahraga,beolahraga
beroperasi,bebedah
berorientasi,bepandang
berpacaran,becewek
berpacu,betandeng
berpakaian,bebaju
berpandangan,bepandangan
berpangkat,bepangkat
berpartisipasi,bepartisipasi
berpasangan,bepasang
berpecah,bepecah
berpegang,bepegang
berpeluh,bepeloh
berpendapat,pendapat
berpendidikan,bependidikan
berpenduduk,bependudok
berpengaruh,bepengaroh
berpenghuni,bepenghuni
berpenglihatan,bepenglihatan
berperan,belakon
berperang,beperang
berpidato,bepidato
berpihak,bepihak
berpindah,bepindah
berpisah,bepisah
berpolitik,bepolitik
berpori,bepori
berposisi,berade
berpotensi,bepotensi
berprestasi,beprestasi
berprofesi,beprofesi
berpuasa,bepuase
berpuluh,bepuloh
berpura,bepure
berpusat,bepusat
berputar,beputa
bersabda,besabda
bersahabat,bekawan
bersaing,besaing
bersaksi,besaksi
bersalah,besalah
bersalaman,besalam
bersamanya,besame
bersambung,besambong
bersandar,besandar
bersanding,besandeng
bersatu,besatu
bersaudara,beradek
bersaudara,besedaqhe
bersebelahan,beselahan
berseberangan,besebelah
bersegi,besegi
bersejarah,besejarah
bersekolah,besekolah
bersekutu,besame
bersekutu,besekutu
bersemangat,besemangat
bersembunyi,berondok
bersenang,besenang
bersenjata,besenjate
bersiap,besiap
bersifat,bewatak
bersih,beseh
bersikap,bekelaku
bersila,besile
bersilat,besilat
bersimpati,besimpati
bersinar,becahaye
bersinar,besina
bersinggungan,besinggungan
bersisi,bemuat
bersisi,beqhisi
bersisik,besisik
berstatus,bestatus
bersua,bekumpol
bersuami,belaki
bersuku,beradat
bersuling,besuleng
bersumber,besumbe
bersumpah,bejanji
bersumpah,besumpah
bersungguh,besunggoh
bersurat,bepesan
bersyukur,besyuko
bertahap,pelahan
bertahun,betahon
bertajuk,bejudol
bertajuk,betajok
bertambah,betambah
bertambahnya,betambahnye
bertamu,bejumpe
bertanda,betande
bertanding,betandeng
bertangga,betangge
bertanggung,betanggung
bertanggungjawab,betangung jawab
bertangkai,betangkai
bertani,bekebon
bertanya,betanye
bertaraf,betaraf
bertarung,bekelai
bertatapan,betatapan
bertekad,betekad
bertelur,betelo
bertema,bejudol
bertemakan,betemakan
bertempat,betempat
bertemu,bejumpe
bertemu,betemu
bertenaga,betenage
bertengkar,bekelai
bertentangan,betentang
bertepatan,betepat
berteras,beteras
berteriak,teqhiak
berterima,betampong
bertiga,betige
bertindak,betindak
bertingkat,betingkat
bertuah,betuah
bertualang,mengembare
bertuan,betuan
bertugas,betugas
bertujuan,betuju
bertukar,bertukar
bertukar,betuka
bertulang,betulang
bertumbuh,betumboh
bertumpu,betumpu
bertumpuk,betompok
bertunangan,betunang
berturut,betuqhot
bertutur,bebahase
beruang,beruang
berubah,beghubah
berubah,bertukar
berujung,beqhujong
berukuran,beukuran
berulang,bekali-kali
berulang,beulang
berumah,beqhumah
berumah,berumah
berumbai,berumbai
berumur,beumo
berunding,beqhapat
berunding,berundeng
beruntun,bekali-kali
berupa,beqhupe
berupaya,beupaye
berusaha,beqhusahe
berusia,beumo
bervariasi,bepariasi
berwarna,bewarne
besar,besa
besar,besar
besarnya,besanye
beserta,beserta
besi,besi
besok,esok
betapa,betape
betis,jantong kaki
beton,beton
betul,betol
betul,betul
betung,betung
bhakti,bakti
biak,biak
biang,biang
biar,bia
biarpun,biapon
biasa,biasa
biasanya,biasenye
biaya,biaya
biaya,kos
biaya,ongkos
biaya,perbelanjaan
biayanya,hargenye
bibi,bibi
bibit,benih
bibit,bibit
bicara,cakap
bicarakan,cakapkan
bicaranya,cakap die
bicaranya,cakapnye
bidadari,bidadari
bidadari,cantek sangat
bidang,bidang
bidangnya,bagiannye
bidangnya,bidangnye
bihun,bihun
bijak,bijak
bijaksana,bijak
bijaksana,pandai
biji,biji
bila,apabila
bila,bila
bila,bile
bilah,bilah
bilal,bilal
bilal,muazin
bilang,beqhitau
bilang,bilang
bilangan,angke
bilangan,bilangan
biliar,beliar
bilik,bilik
bimbang,bimbang
bimbingan,bimbingan
bin,bin
bina,asuh
bina,bina
bina,penjalinan
binaan,asuhan
binatang,binatang
bingkai,keqhangke
bingung,puseng
bintang,bintang
bintara,bintara
binti,binti
bintik,titek
bio,bio
biografi,biografi
biologis,biologis
bioskop,bioskop
bir,bir
biru,biru
bis,bis
bisa,dapat
bisakah,dapatke
bisnis,bisnis
bisu,bisu
bius,bius
blok,blok
blok,gang
blok,kelompok
blokir,sekat
bocah,anak
bodoh,bebal
bola,bola
bolanya,balnye
bolanya,bolanye
boling,boling
bolu,bolu
bom,bom
bombay,bombay
boneka,boneka
bonjol,bonggol
bos,bos
bos,toke
bosan,bosan
botol,botol
brengsek,brengsek
buah,buah
buahan,bebuahan
buahnya,buahnye
buang,buang
buat,buat
buatan,buatan
buaya,buaye
bubar,buba
bubuk,serbuk
bubur,bubo
bubur,bubur
budak,budak
budaknya,budaknye
budaya,budaye
budayanya,budayenye
budayawan,budayewan
budi,budi
budidaya,pelihare
budiman,budiman
buih,buih
bujang,bujang
bujangan,bujang
bujangan,membujang
bujur,bujo
buka,bukak
bukan,bukan
bukan,takde
bukankah,takdeke
bukanlah,takdelah
bukannya,bukannye
bukit,bukit
bukti,bukti
buktinya,buktinye
buku,buku
bukunya,bukunye
bulan,bulan
bulanan,bulanan
bulannya,bulannye
bulat,bulat
bulu,bulu
buluh,buluh
bulunya,bulunye
bulutangkis,bulu tangkis
bumbu,qhempah
bumbu,rempah
bumbung,bubung
bumbunya,qhempahnye
bumbunya,rempahnye
bumi,bumi
bumiputera,bumi laki
bumiputra,bumi laki
bunda,bunda
bunda,ibu
bundar,bulat
bundaran,bulatan
bung,bung
bunga,bunga
bunganya,bunganye
bungkuk,bungkok
bungkus,bungkus
bungkus,membungkus
bungsu,bungsu
bunuh,bunoh
bunuh,bunuh
bunuh,matikan
bunyi,bunyi
bunyian,bunyian
bunyian,suaqhe
bupati,bupati
buru,buru
buruannya,intaiannye
buruh,buruh
buruk,buruk
burung,burung
bus,bus
busa,buih
busana,pakaian
buta,butak
buta,bute
butir,biji
butir,butir
butuh,perlu
butuhkan,butohkan
cabai,cili
cabai,lade
cabang,cabang
cabangnya,cabangnye
cabe,cabe
cacar,cacar
cadangan,cadangan
cadangan,serap
cagar,caga
cahaya,cahaya
cahaya,sinar
cahayanya,cahayenye
cair,cae
cairan,cae
cakap,bual
cakar,kuku
calon,calon
cambuk,cambuk
campur,campo
campuran,campoan
canda,gurau
candi,candi
candu,nageh
canggih,canggeh
cangkir,cawan
cangkok,cangkok
cangkul,cangkol
cantik,cantek
cantik,cantik
cap,cap
capaian,capaian
cara,cara
caranya,caqhenye
cari,caqhi
carter,kater
cat,cat
catatan,catatan
catatannya,catatannye
catur,catur
cawan,cangkir
cawan,cawan
cawan,gelas
cedera,cedera
cedera,cedere
cedera,kecederaan
cedera,luke
cegah,cegah
cegah,halang
cegat,cegat
cek,blanko
cek,cek
cek,memeriksa
cek,mencocokkan
cekung,cekong
cekungan,cekongan
celah,celah
celaka,celake
celana,selua
cemara,cemaqhe
cemburu,cembuqhu
cemerlang,bekilat
cemerlang,bekilau
cempaka,cempaka
cempedak,cempedak
cendawan,cendawan
cenderung,cenderung
cendol,cendol
cengkeh,cengkeh
cepat,cepat
cepat,pantas
cepatlah,cepatae
cepatnya,cepatnye
cepatnya,lajunye
cerah,cerah
ceramah,ceqhamah
cerdas,bijak
cerdas,cerdas
cerdas,pandai
cerdik,pandai
ceria,cerie
cerita,cerita
cerita,cito
ceritakan,ceqhitekan
ceritanya,ceqhitenye
cermat,cermat
cermin,cermin
cerna,cerne
ceroboh,ceroboh
cerpen,cerpen
cerpennya,cerpennye
cesar,cesar
cetak,cetak
cewek,gadis
cewek,wanita
cicil,angse
cicit,cicit
cilik,kecik
cincin,cincin
cinta,cinto
cintanya,cintenye
cipta,cipte
ciptaan,ciptaan
ciptaannya,ciptaannye
ciptanya,ciptenye
ciri,ciqhi
ciri,ciri
cirinya,ciqhinye
citanya,citenye
citra,citra
citra,rupe
ciuman,cium
coba,cube
cobalah,cubelah
cocok,suai
coklat,coklat
colok,cocok
colok,mencolok
condong,condong
condong,cundong
contoh,cuntoh
contohnya,cuntohnye
corak,corak
coraknya,coraknye
coret,cuqhet
coret,gores
corong,coqhong
cowok,laki-laki
cowok,lelaki
cowok,pria
cuaca,cuaca
cuaca,hari
cuci,basuh
cuci,cuci
cucu,cucu
cucunya,cucunye
cucur,cuco
cuka,cukak
cukai,cukai
cukup,cukop
cukur,cuko
cuma,cuma
cuma,cume
cumi,cumi
cumi-cumi,cumi
cumi-cumi,sotong
curah,cuqhah
curah,tuang
curam,cuqham
curang,celat
curang,ngilat
cuti,cuti
dada,dada
dadak,tetibe
daerah,daerah
daerah,kawasan
daerahnya,daerahnye
daftar,daftar
dagang,bejual
daging,daging
dagingnya,dagingnye
dahi,dahi
dahulu,dahulunye
dahulunya,dahulu
dakwah,dakwah
dakwahnya,dakwahnye
dalam,dalam
dalamnya,dalamnye
dalang,dalang
dalih,alasan
dalih,bedalih
dalih,sangkal
dalil,dalil
damai,damai
damar,damar
dampak,dampak
dan,dan
dan,serta
dana,dana
danau,tasik
danau,telaga
dandang,dandang
dangdut,dangdut
dangkal,dangkal
dangkal,keqheng
dansa,tarian
dapat,dapat
dapatkan,dapatkan
dapur,dapur
dara,dare
darah,darah
darahnya,daqhahnye
darat,darat
darat,tanah
daratan,daratan
dari,daqhi
dari,dari
dari,daripada
darinya,daqhinye
daripada,daqhi pade
darurat,gawat
dasar,asas
dasar,dasa
dasar,dasar
dasar,mendasar
dasarnya,dasanye
dasi,leher
data,data
datang,datang
datangnya,datangnye
datar,datar
datar,rata
dataran,tanah
datuk,datuk
datuknya,datuknye
datum,tanggal
daun,daun
daunnya,daunye
daya,daya
dayung,dayung
debat,debat
debat,pembahasan
debu,debu
debu,habuk
debut,debut
definisi,artian
definisi,definisi
definisi,takrif
definisi,takrifan
dekat,dekat
dekatnya,dekatnye
dekorasi,hiasan
delapan,lapan
demam,demam
demam,sakit
demi,demi
demikian,demikian
demokratis,demokratis
denah,denah
denda,denda
dendam,dondam
dengan,dengan
dengannya,dengannye
dengar,denga
dengarkan,dengakan
denyut,detak
depan,depan
depan,hadapan
departemen,departemen
depresi,depresi
derajat,status kedudukan
deras,deras
deras,laju
derek,tarik
deret,leret
deretan,leretan
dering,bunyi
dering,dering
derita,derita
derita,sengsare
dermaga,pelabohan
dermawan,dermawan
desa,desa
desa,kampung
desa,perkampungan
desain,gamba
desak,desak
desak,gesa
desakan,dipakse
deskripsi,keterangan
deskripsi,penjelasan
destinasi,tujuan
detail,lengkap
detektif,detektif
detik,detik
detik,saat
dewa,dewa
dewan,dewan
dewan,majlis
dewasa,besa
dewasa,dewasa
di,di
dia,dia
dia,die
diabadikan,dilupekan
diabaikan,diabaikan
diabetes,diabetes
diabetes,penyakit gula
diadakan,diadekan
diadakannya,diadekannye
diadaptasi,diangkat
diadili,diadili
diaduk,diadok
diaduk,dikacau
diajak,di aja
diajari,diajari
diajarkan,diajakan
diajukan,diajukan
diakhiri,tamatkan
diaktifkan,diaktifkan
dialami,dirase
dialaminya,dirasenye
dialas,dialas
dialog,bicara
dialog,cakap
diam,senyap
diamalkan,diamalkan
diamati,ditelek
diambil,diambel
diamlah,senyaplah
diancam,diancam
dianggap,dianggap
diangkat,diangkat
diangkut,diangkut
dianjurkan,dianjokan
diantara,diantara
diantaranya,diantaranye
dianugerahi,dihadiahkan
dianut,dianot
diarahkan,diarahkan
diarak,diarak
diare,mencret
diartikan,dimaknekan
diasingkan,ditepikan
diasuh,dijage
diatas,diatas
diatasi,diatasi
diatur,diato
diawali,diawali
diawasi,diawasi
dibabat,ditebas
dibaca,dibace
dibacakan,dibacekan
dibagi,dibagi
dibagikan,dibagikan
dibakar,dibaka
dibalik,dibalek
dibalikkan,dibalekkan
dibandingkan,dibandengkan
dibangun,dibangon
dibantai,disembelih
dibantu,ditolong
dibasuh,dibasuh
dibasuh,dicuci
dibatalkan,dibatalkan
dibatasi,dibatasi
dibawa,diangkot
dibawa,dibawe
dibawakan,dibawekan
dibayangkan,dibayangkan
dibayar,dibaya
dibebaskan,dibebaskan
dibebaskan,dilepaskan
dibedakan,di bidekan
dibelah,dibelah
dibeli,dibeli
dibenamkan,dibenamkan
dibentuk,dibentok
dibentuklah,dibentoklah
diberbagai,dibebagai
diberhentikan,direntikan
diberhentikan,disetop
diberi,diberi
diberikan,diberikan
dibersihkan,dibesihkan
dibesarkan,dibesakan
dibiayai,di baya
dibicarakan,di cakapkan
dibilang,di cakap
dibina,di aja
dibintangi,dibintangi
dibolehkan,di bulehkan
dibongkar,di bongka
dibuang,di buang
dibuat,dibuat
dibuatkan,dibuatkan
dibuatnya,dibuatnye
dibubarkan,di bubakan
dibudidayakan,di peliharekan
dibuka,di buke
dibuktikan,di nampakkan
dibumbui,dibumbui
dibungkus,di balot
dibungkus,di bungkos
dibunuh,di bunoh
diburu,diburu
diburu,dinca
dibutuhkan,di butohkan
dicalonkan,dicalonkan
dicampur,di campo
dicap,di tande
dicapai,dicapai
dicari,dicari
dicari,diinca
dicatat,di tules
dicegah,di benti
dicekal,di peqhikse
diceritakan,di ceqhite
dicetak,dicetak
dicintai,dicinte
diciptakan,di ciptekan
dicuci,dibasuh
dicurigai,disaki
dicurigai,disangke
didaerah,di tempat
didahului,didului
didalamnya,di dalamnye
didampingi,di dampeng
didapat,didapat
didapati,didapati
didapatkan,didapatkan
didasari,didasari
didasarkan,didasakan
didata,didate
didatangi,didatangi
didatangkan,didatangkan
didefinisikan,di artikan
didengar,di denga
didengarkan,di dengakan
dideportasi,dideportasi
dideportasi,diusei
dideritanya,dideritenye
didesain,di gamba
dideskripsikan,di artikan
didiagnosis,di teliti
dididik,di aja
didik,aja
didirikan,di tegakkan
didirikannya,di tegakkannye
didistribusikan,diseba
didokumentasikan,diato
didokumentasikan,didokumentasikan
didominasi,didominasi
didorong,di tolak
didorong,disorong
diduduki,di diam
diduga,di duge
didukung,di dukong
dieja,di ije
dieksekusi,dijalankan
diekspor,diekspor
diekspor,ngekspor
diekspresikan,diekspresikan
diet,diet
diet,kurus
difermentasikan,difermentasikan
difokuskan,difokuskan
difungsikan,difungsikan
difusi,difusi
digabung,di gabong
digabungkan,di gabongkan
digambarkan,di gamba
diganti,di tuka
digantikan,di tukakan
digantung,digantong
digantung,digayot
digantung,disangkot
digelar,digelo
digerakkan,di jalankan
digigit,di giget
digiling,di gileng
digital,digital
digitalis,digitalis
digolongkan,digolongkan
digoreng,digoreng
digorok,di potong
digosipkan,di ceqitekan
digulung,di gulong
diguna,di gune
digunakan,di gunekan
digunakannya,di gunekannye
dihabiskan,di habeskan
dihadapkan,di depan
dihadiahkan,diadiahkan
dihadiri,didatangi
dihadiri,dihadiri
dihaluskan,di haloskan
dihancurkan,di hantamkan
dihapus,di apos
dihapuskan,di aposkan
diharapkan,diharapkan
dihargai,di harge
diharuskan,diharuskan
dihasilkan,di haselkan
dihasilkannya,di haselkannye
dihasut,di pujok
dihembus,di tiop
dihentikan,di bentikan
dihias,didandan
dihias,diias
dihiasi,diiasi
dihidangkan,di siapkan
dihidupkan,di hidopkan
dihimbau,di kate
dihimpun,diimpon
dihimpun,dikompol
dihitung,di hitong
dihormati,dihormati
dihormati,dimuliekan
dihormati,dirhargei
dihubungkan,di sambong
dihukum,dihukom
dihuni,dihuni
diikat,dibelet
diikat,diikat
diikuti,dieko
diikuti,diikuti
diilhami,diilhami
diimpor,diimpor
diingat,diingat
diingat,dikenang
diinginkan,diinginkan
diinginkan,dinakkan
diinginkannya,diinginkannye
diinginkannya,dinaknye
diiringi,diarak
diiringi,didampingi
diiringi,diiringi
diiris,diluncokan
diisi,diisi
diizinkan,dibolehkan
diizinkan,diizenkan
dijabat,dijabat
dijadikan,dijadikan
dijaga,di jage
dijajah,dijajah
dijalani,dijalani
dijalani,ditempoh
dijalaninya,dijalaninye
dijalaninya,ditempohnye
dijalankan,dijalankan
dijanjikan,dijanjikan 
dijatuhi,dicampaki
dijatuhi,dijatohi
dijelaskan,dijelaskan
dijelaskan,diuraikan
dijepit,di jepet
dijodohkan,dijodohkan
dijodohkan,dikawenkan
dijual,dijual
dijuluki,digelo
dijumlahkan,diitong
dijumlahkan,dikire
dijumpai,didapati
dijumpai,dijumpai
dijumpai,ditemukan
dikabarkan,diberitau
dikabarkan,dikabakan
dikacau,diadok
dikacau,dikacau
dikaitkan,dikaitkan
dikaitkan,disangkotkan
dikaji,dikaji
dikalahkan,di tumbangi
dikamuflase,dikamuflase
dikamuflase,disamarkan
dikandangkan,di kurongkan
dikarang,di buat
dikarenakan,disebabkan
dikarunia,dikarunia
dikaruniai,di dapat
dikaruniai,dikaruniai
dikatakan,di katekan
dikategorikan,digolongkan
dikebumikan,di kubokan
dikehendaki,diingenkan
dikehendaki,dikehendaki
dikelilingi,dikelilingi
dikelola,dikelola
dikelompokkan,digabungkan
dikelompokkan,dikelompokkan
dikeluarkan,dikeluakan
dikeluarkannya,dikeluakannye
dikemas,diatou
dikemas,dikemas
dikembalikan,di pulang
dikembalikan,dibalekkan
dikembangkan,di besakan
dikemukakan,dikemukekan
dikenakan,digunekan
dikenakan,dikenekan
dikenal,dikenal
dikenali,dikenali
dikenalkan,dikenalkan
dikenang,diingat
dikepalai,di kepalei
dikepung,dikepung
dikeringkan,dikerengkan
dikerjakan,di kejekan
dikerjakannya,di kejekannye
diketahui,diketahui
diketuai,diketuei
dikirim,dikirem
dikirimkan,dikiremkan
dikisahkan,diceritekan
dikisahkan,dikisahkan
diklaim,diklaim
dikombinasikan,digabungkan
dikombinasikan,dikombinasikan
dikompilasi,dikompilasi
dikontrol,diawasi
dikontrol,diperikse
dikuasai,dikuasai
dikubur,dikubo
dikuburkan,dikubokan
dikukus,dikukos
dikumpulkan,dikompolkan
dikumpulkan,disatukan
dikunjungi,dijengah
dikunjungi,dikunjongi
dikunjunginya,dijengahnya
dikunjunginya,dikunjonginya
dikurangi,dikuqhangi
dikuras,diberos
dikuras,dikuras
dikutuk,dikutok
dikutuk,disumpah
dilagukan,didendangkan
dilahirkan,dilahekan
dilaksanakan,dilaksanekan
dilakukan,dilakukan
dilakukannya,dilakukannye
dilalui,di lewat
dilancarkan,dilancakan
dilanda,diterpe
dilanda,ditimpe
dilangsungkan,dihelatkan
dilanjutkan,disambung
dilantik,dilantik
dilapisi,dilapes
dilarang,dilarang
dilatih,di lateh
dilayani,di layani
dilekatkan,dilekatkan
dilelehkan,dilelehkan
dilengkapi,di lengkapi
dilengkapkan,di lengkapkan
dilepaskan,di lepaskan
diletakkan,di letakkan
dilewati,di lewati
dilihat,ditengok
dilindungi,di lindongi
dilintasi,dilalui
dilipat,dilipat
diluar,di lua
dilumuri,dibalo
diluncurkan,diluncurkan
dimakamkan,dikubokan
dimakan,dimakan
dimaksud,dimaksud
dimaksudkan,dimaksudkan
dimana,dimane
dimasak,dimasak
dimasukkan,dimasukkan
dimekarkan,dimekakan
dimenangkan,dimenangkan
dimengerti,difahami
dimensi,dimensi
dimiliki,dipunye
diminati,digemari
diminta,di nak
diminta,diminta
dimintai,dimintai
diminum,diminum
dimodifikasi,diubah
dimuat,dimuat
dimulai,dimule
dimulainya,dimulenya
dimungkinkan,dimungkenkan
dimusyawarahkan,dirembuk
dinaikkan,dinaekkan
dinamai,digelo
dinamai,dinamei
dinamakan,digelokan
dinamakan,dinaemkan
dinamika,dinamika
dinamis,dinamis
dinding,dinding
dindingnya,dindingnye
dingin,dingin
dingin,sejuk
dini,dini
dinikahi,dikawinkan
dinikmati,dinikmati
dinilai,diperikse
dinilai,diponten
dinobatkan,ditunjuk
dinyanyikan,didendangkan
dinyanyikan,dinyanyikan
dinyatakan,ditetapkan
diobati,diobati
dioksida,dioksida
diolah,diolah
dioperasikan,dioperasikan
dipadukan,dicocokkan
dipahami,difahami
dipajang,dipajang
dipakai,digunekan
dipakainya,digunekannye
dipaksa,dipakse
dipamerkan,dipamerkan
dipamerkan,ngedeh
dipanaskan,diangatkan
dipancarkan,dipancokan
dipandang,ditengok
dipandu,dituntun
dipanen,dipanen
dipanggang,dibaka
dipanggil,dipanggil
dipangku,dipangku
dipantau,dipantau
diparut,diparot
dipasang,dikenekan
dipasang,dipasang
dipastikan,dipastikan
dipatenkan,dipatenkan
dipecah,dihempas
dipecat,dipecat
dipecat,direntikan
dipegang,dipegang
dipegangnya,dipegangnye
dipekatkan,dipekatkan
dipelajari,dipelajari
dipelihara,dipelihare
dipengaruhi,dipengaroh
dipenjarakan,dipenjarokan
dipensiunkan,dipensiunkan
dipentaskan,dipentaskan
dipenuhi,dipenohi
diperanakkan,diperanakkan
diperankan,dilakonkan
diperbanyak,diperbanyak
dipercaya,dipecaye
dipercayai,dipecayei
diperdebatkan,diperdebatkan
diperdengarkan,didengokan
dipergunakan,digunekan
diperhatikan,diperatikan
diperhatikan,ditelek
diperiksa,diperikse
diperingati,dikenang
diperingati,diperingati
diperingati,ditego
diperintah,disuruh
diperintahkan,disuruh
diperjelas,dipejelas
diperkenalkan,dikenalkan
diperkirakan,dikirekan
diperkirakan,disangkekan
diperkuat,dikuatkan
diperlihatkan,ditengokkan
diperluas,dipeluas
diperlukan,dipelukan
diperoleh,didapat
dipersembahkan,dipesembahkan
dipersenjatai,dipesentajei
dipersingkat,dipesengkat
dipertandingkan,dilumbekan
dipertanyakan,dipersoalkan
dipertemukan,dipertemukan
dipertimbangkan,dipetimbangkan
dipertontonkan,dipetontonkan
dipertuan,dipetuan
diperuntukkan,diperuntokkan
dipicu,dipicu
dipilih,ditunjuk
dipimpin,dipimpin
dipindahkan,digesekan
dipindahkan,dipindahkan
dipinjam,dipinjam
dipinjamkan,dipinjamkan
dipinjamnya,dipinjamnye
dipisah,dilaen
dipisahkan,dilaenkan
diploma,diploma
diplomasi,diplomasi
diplomat,diplomat
diplomatik,diplomatik
dipopulerkan,dipopulekan
dipotong,diires
dipotong,dikerat
diprakarsai,diupayekan
dipraktikkan,dipraktekkan
diproduksi,dibuat
diproduseri,diproduseri
dipromosikan,dipromosikan
diproses,diolah
dipublikasikan,dipublikasikan
dipuji,dipuji
dipuji,disanjong
dipukul,dipukol
dipukul,disebat
dipulihkan,dibalekkan
dipunyai,dipunyai
diputar,diputa
diraih,diraih
diraihnya,diraihnye
dirancang,diacang
dirasakan,dirasekan
dirawat,dijage
dirawat,diuros
dirayakan,dirayekan
direbus,direbos
direbut,direbot
direhabilitasi,direhabilitasi
direkam,direkam
direkomendasikan,direkomendasikan
direkomendasikan,diusolkan
direkonstruksi,direkontruksi
direksi,direksi
direktorat,direktorat
direktur,direktur
direncanakan,dirancang
direncanakan,direncanekan
direndam,direndam
direnovasi,direnovasi
diresmikan,diresmikan
diri,diri
dirikan,didirikan
dirikan,ditegakkan
dirinya,die
diriwayatkan,diriwayatkan
dirundung,diterpe
dirut,dirut
disahkan,disahkan
disajikan,disediekan
disalin,disalen
disamakan,disamekan
disambung,disambong
disambut,disambot
disampaikan,dibagitau
disamping,disebelah
disana,katsane
disandang,disandang
disandingkan,disandengkan
disangka,disangke
disangkutkan,dikaetkan
disapa,disape
disapukan,disapukan
disarankan,dianjokan
disebabkan,disebabkan
disebarkan,diratekan
disebarkan,disebakan
disebut,disebot
disebutkan,disebotkan
disediakan,disediekan
diseduh,diseduh
disegani,disegani
diselamatkan,diselamatkan
diselenggarakan,diadekan
diselenggarakan,diselenggarekan
diselesaikan,ditamatkan
diseluruh,disemue
disembah,disembah
disepakati,disepakati
diserahkan,diserahkan
diserang,diserang
diserap,diserap
disertai,beserte
disertai,disertai
disertakan,disertakan
disesuaikan,disesuaikan
disetujui,disetujui
disewa,disewe
disiapkan,disiapkan
disiarkan,ditayangkan
disiksa,dianiaye
disiksa,disikse
disimpan,disimpan
disimpulkan,disimpolkan
disinggahi,disenggahi
disingkat,disengkat
disingkirkan,disingkerkan
disini,katsini
disiplin,disiplin
disiplin,taat
disisipkan,diselipkan
diskriminasi,dibedekan
diskriminasi,diskriminasi
diskusi,bincang
diskusi,diskusi
diskusi,musyawarah
diskusi,runding
disokong,disokong
disponsori,disponsori
distribusi,distribusi
distributor,distributor
distrik,distrik
disuapi,disuapi
disucikan,dibesehkan
disucikan,disucekan
disukai,digemokan
disukai,disuke'i
disumbangkan,didermekan
disumbangkan,disombangkan
disunting,dipinang
disunting,disunting
disuruh,disuroh
disusul,disusol
disusun,diato
disusun,disuson
disutradarai,disutradarai
ditaburi,ditabo
ditaburi,ditebo
ditafsirkan,diartikan
ditahan,ditahan
ditakuti,ditakoti
ditambah,ditambah
ditambahkan,ditambahkan
ditampilkan,ditampelkan
ditampilkan,ditayangkan
ditanam,ditanam
ditanami,ditanami
ditanamkan,ditanamkan
ditandai,ditande
ditandatangani,ditandatangani
ditandekan,dicirikan
ditangani,ditangani
ditanggung,ditanggong
ditangkap,ditangkap
ditantang,ditantang
ditanya,ditanye
ditarik,ditarek
ditarikan,ditarikan
ditata,disusun
ditawan,ditawan
ditawari,ditawari
ditayangkan,ditayangkan
ditebang,ditebang
ditegakkan,diteggakan
ditegaskan,ditegaskan
ditekan,ditekan
ditekankan,ditekankan
diteliti,ditelaah
ditelusuri,ditelusuri
ditembak,ditembak
ditempat,dilokasi
ditempati,ditempati
ditempatkan,ditempatkan
ditempuh,di tempoh
ditemui,di jumpe
ditemukan,di jumpekan
ditemukannya,di jumpekannye
ditentukan,diatokan
diterapkan,dijadikan
diterbitkan,diterbetkan
diterima,di teqhime
diterjemahkan,ditejemahkan
diteruskan,diteroskan
ditetapkan,ditetapkan
ditindaklanjuti,ditindaklanjuti
ditinggalkan,ditenggalkan
ditinggikan,dinaekkan
ditinggikan,ditinggikan
ditingkatkan,ditinggkatkan
ditinjau,di liat
ditolak,di tulak
ditolong,di tolong
ditonton,di tonon
ditopang,ditopang
ditransfer,di kirem
dituang,di tuang
dituangkan,di tuangkan
dituduh,di tudoh
ditugaskan,ditugaskan
dituju,di tuju
ditujukan,di tujukan
ditukar,di tuka
ditularkan,di tulakan 
ditulis,di tules
dituliskan,dituleskan
ditulisnya,di tulesnye
ditumis,di tumes
ditumpuk,di tumpok
ditunjuk,di tunjok
ditunjukkan,di tunjokkan 
dituntut,di tuntot
diturunkan,di turunkan
ditusuk,di tusok
ditutup,di tutop
diubah,di ubah
diucapkan,di cakapkan
diuji,di uji
diukur,di uko
diumumkan,di umomkan
diundang,di undang
diurus,di urus
diusahakan,di usehekan
diusulkan,di usolkan
diusung,di usong
diutus,di utos
diversifikasi,diverifikasi
divisi,bagian
divisi,divisi
divisum,divisum
divonis,dijatohkan
divonis,divonis
diwajibkan,di wajebkan
diwakili,di wakel
diwariskan,di wareskan
diwarnai,di warnei
diwujudkan,di wujudkan
diyakini,di yakeni
dna,dna
dna,gen
doa,du'a
dokter,dokter
doktor,doktor
dokumen,berkas
dokumen,dokumen
dokumentasi,dokumentasi
dokumenter,dokumenter
dolar,dolar
dollar,dolla
domba,biri-biri
domba,domba
domestik,dalam negeri
domestik,domestik
dominan,dominan
dongeng,dongeng
donor,beri
donor,donor
donor,sedekah
donor,sumbang
dorongan,dorongan
dorongan,tolakan
dosa,dosa
dosen,dosen
dosis,dosis
dosis,takaran
dosis,ukuran
drama,drama
drama,lakon
drama,sandiwara
drama,teater
dramanya,dramenye
drastis,drastik
duanya,duenye
duapuluh,duepuloh
duduk,dudok
duduklah,dudoklah
duga,duga
duit,duit
duka,sedeh
duku,duku
dukun,dukun
dukun,nujum
dukun,orang pandai
dukung,dukong
dukung,dukung
dukung,sokong
dukungan,dukungan
dukungan,sokongan
dulang,talam
duluan,duluan
dulunya,dulunye
dunia,dunia
dupa,dupe
durasi,durasi
durhaka,duhake
duri,duri
durian,durian
dusun,duson
duta,duta
ebi,udang kereng
edisi,edisi
edisi,keluaran
efek,akibat
efek,efek
efeknya,akibatnye
efektif,efektif
efisien,efisien
egois,egoes
ejaan,ejean
ekonomis,ekonomik
ekor,ekor
ekornya,ekonye
ekosistem,ekosistem
eksekutif,eksekutif
eksis,eksis
eksistensi,eksistensi
eksklusif,eksklusef
ekspedisi,ekspedisi
ekspedisi,jelajah
ekspedisi,petualangan
eksperimen,eksperimen
eksperimen,pecobean
eksplorasi,penyelidekkan
ekspor,ekspor
ekspresi,raot muke
elektro,elektro
elektronik,elektronik
elit,elit
emas,emas
emas,omeh
empedu,mempedu
emping,empeng
empuk,empok
enak,enak
enak,sedap
encer,nipis
endapan,endapan
energi,energi
engkau,engkau
ensiklopedia,ensiklopedi
entah,entah
entahlah,entahlah
episode,episode
era,mase
erat,erat
erat,rapat
erosi,erosi
erupsi,erupsi
es,es
esa,satu
esai,esai
estetik,estetik
estetik,indah
etika,etika
etika,moral
evaluasi,ponten
evolusi,evolusi
eyang,eyang
fajar,paja
fakta,fakta
faktor,faktor
falsafah,falsafah
familia,keluarge
familia,sedare
fantasi,fantasi
fantasi,khayalan
fantasi,mimpi
farmasi,farmasi
farmasi,obat
fase,fase
fase,masa
fasilitas,fasilitas
fasilitas,kelengkapan
fasilitas,sarana
fatal,fatal
fatal,parah
fatwa,fatwa
fatwa,petue
favorit,favorit
favorit,suka
favoritnya,kesukeannye
februari,pebuari
federasi,federasi
federasi,kesepakatan
federasi,perjanjian
feminin,feminin
fenomena,fenomena
fenomena,kejadian
fenomena,peristiwa
fenomenal,gejale
feodal,feodal
feri,feri
fermentasi,fermentasi
festival,festival
festival,perayean
figur,bentok
fiksi,buatan
fiksi,fiksi
fiksi,khayalan
fiksi,rekaan
fiktif,palsu
fiktif,rekaan
filem,pilem
film,film
filmnya,pilemnye
filsafat,filsafat
filsuf,filsuf
final,pinal
finalis,peserte
finis,abes
finis,teakhe
fiqih,fiqih
firman,firman
firman,sabde
fisik,fisik
fisik,rupa
fisiknya,pisiknye
flora,alam
fokus,fokus
fondasi,pondasi
formal,formal
formal,resmi
formasi,barisan
formasi,formasi
formasi,susunan
format,format
formula,formula
formula,ramuan
formula,rumus
formulir,borang
formulir,formulir
formulir,isian
forum,lembage
fosil,fosil
fosil,rangka
fosil,tulang
foto,foto
frasa,prase
fungsinya,fungsinye
fungsinya,gunenye
gabungan,gabungan
gadai,gadai
gading,gadeng
gadis,dara
gadis,gadis
gadjah,gajah
gagah,gagah
gagak,gagak
gagal,gagal
gagang,gagang
gagang,ulu
gagasan,usol
gaib,gaeb
gairah,berahi
gairah,gairah
gairah,hasrat
gairah,nafsu
gairah,semangat
gajah,gajah
gaji,bayaran
gaji,gaji
gaji,upah
gak,tak
galak,galak
galaksi,galaksi
galang,galang
galang,limbung
galang,menggalang
gamba,gamba
gambar,gambar
gambaran,gambaran
gambarnya,gambanye
gambir,gambe
gamelan,gamelan
games,pemaen
gampang,gampang
gampang,senang
ganas,bengis
ganas,buas
ganas,ganas
ganas,garang
ganda,gande
ganda,kali
gandum,gandum
gang,gang
gang,lorong
gangguan,gangguan
gangguan,halangan
gangguan,kelainan
gangguan,rintangan
ganja,ganja
ganjil,aneh
ganjil,ganjel
ganjil,ganjil
ganteng,ganteng
ganti,ganti
ganti,gelei
ganti,tuka
ganti,tukar
gantung,gantong
gantung,sangkot
gantungan,gantungan
gantungan,sangkutan
garang,garang
garapan,pekejean
garasi,garasi
garasi,kandang
garis,garis
garpu,garpu
garut,garot
gas,gas
gasing,gaseng
gatal,miang
gaun,gaun
gaun,selayar
gaya,gaya
gaya,setel
gebang,gebang
gedung,bangunan
gedung,gedung
gejala,gejale
gejalanya,gejalenye
gelagah,gelagat
gelanggang,gelanggang
gelap,gelap
gelar,gelar
gelar,ijazah
gelar,julukan
gelar,panggilan
gelar,sebutan
gelas,gelas
gelembung,gelembung
gelombang,gelombang
gelora,gelore
gelung,gelung
gema,geme
gemas,gemas
gembala,gembale
gempa,gempa
gempa,gempa bumi
gemuk,gemok
gen,gen
genangan,genangan
genangan,takong
gencar,genco
gendang,gendang
gendong,menggendong
generasi,generasi
genetik,genetik
geng,geng
genggam,genggam
genre,aleran
genre,genre
genta,genta
gentar,gentar
genting,genteng
gerai,kedai
gerakan,gerakan
gerbang,gerbang
gereja,gereja
gergaji,gergaji
gerhana,gerhana
germo,germo
gesekan,gesekan
getah,getah
giat,giat
giat,rajen
gigi,gigi
gigih,gigeh
gigitan,gigetan
giling,gileng
ginjal,buah pinggang
giring,menggiring
gizi,gizi
globalisasi,globalisasi
godaan,godaan
gol,goal
gol,gol
golf,golf
golok,golok
golok,parang
golongan,kelas
goreng,goreng
gorengan,gorengan
goresan,calar
gosong,angit
gosong,angos
got,parit
gotong,gotong
goyang,goyang
goyang,hoyong
goyang,joget
granat,granat
granit,granet
gratis,grates
grup,kumpulan
gua,goa
gua,gua
gubernur,gubernur
guci,guci
gudang,gudang
gugatan,tuntutan mahkamah
gugur,gugor
gula,gula
gulai,gulai
gulat,gusti
gumpalan,gumpulan
gunakan,pakaikan
gunanya,pakainye
gundukan,gundukan
gundukan,onggokan
gunting,gunting
guntur,guruh
gunung,gunung
gurih,gureh
gurita,sotong
guru,guru
gurun,gurun
gurun,padang pasir
gurunya,gurunye
habis,abes
habitat,habetat
hadap,hadap
hadapan,hadapan
hadiah,hadiah
hadir,hader
hadirin,penonton
hafalan,hafalan
hajar,entam
hajar,pukol
hajar,tumbok
haji,haji
hak,hak
hakikatnya,hakekatnye
hakiki,hakekat
hakim,hakim
hakim,kadi
haknya,haknye
hal,hal
hal,perkara
halaman,halaman
halaman,pekarangan
halamannya,halamannye
halang,halang
halangan,halangan
halau,halau
halilintar,halilinta
haluan,haluan
halus,halos
halusnya,halosnye
hama,hama
hama,perosak
hamba,hamba
hambat,halang
hambat,lamban
hambat,lelei
hambat,letupan
hambatan,halangan
hamil,bunting
hampa,hampe
hampar,bentang
hampar,hampar
hamparan,hamparan
hampir,hampe
hampir,sikit lagi
hancur,bekecai
hancur,hanco
hancur,hancur
hancur,reput
hancurnya,hanconye
handal,andal
hangat,angat
hantar,hanta
hantar,hantar
hantu,hantu
hantu,momok
hanya,hanya
hanya,hanye
hanyalah,hanyelah
haram,haram
harap,harap
harapan,asa
harapan,harapan
harga,harga
harganya,hargenye
hari,hari
harian,harian
harimau,harimau
harinya,harinye
harmonis,harmones
harmonis,harmoni
harta,harta
harum,wangi
harus,haros
harus,mesti
haruskah,haroskah
haruskah,mestikah
harusnya,harosnye
harusnya,mestinye
hasil,hasel
hasilnya,haselnye
hasrat,hasrat
hasrat,semangat
hati,hati
hatinya,hatinye
hawa,hawa
hayat,hayat
hebat,hebat
hebat,mantap
heboh,heboh
hektar,hekta
hektare,hektar
helai,helai
helikopter,helikopter
hemat,jimat
hemat,menjimatkan
hendak,hendak
hentikan,hentikan
hentikan,setopkan
heran,eran
heran,tecengang
hewan,binatang
hewan,hewan
hias,hias
hiasan,hiasan
hiburan,hiboran
hidang,saji
hidangan,sajian
hidangkan,sajikan
hidung,hidung
hidup,hidup
hiduplah,hidoplah
hidupnya,hidopnye
hijau,ijau
hijauan,hujauan
hijrah,hijrah
hikayat,hikayat
hilal,hilal
hilang,ilang
hilang,lenyap
hilang,lesap
hilir,hilir
hilir,ile
himbauan,imbauan
himpunan,himponan
hina,hine
hingga,sampai
hisab,hisab
hisap,isap
hisap,menghisap
hitam,gelap
hitam,itam
hitung,hitung
hitung,kira
hitungan,kiraan
hiu,jerung
hobi,hobi
honda,honda
honor,honor
horisontal,horisontal
hormat,hargai
hormat,hormat
hormat,sopan
hotel,hotel
hubungan,hubungan
hubungan,ikatan
hubungannya,hubungannye
hubungannya,kaetanye
hubungi,hubungi
hujan,hujan
hukum,aturan
hukum,hukum
hukuman,dera
hukuman,hukuman
hukuman,sangsi
hukumannya,hukomannye
hukumnya,hukomnye
hulu,hulu
hulubalang,hulubalang
hunian,umah
huruf,huruf
hutan,hutan
hutang,hutang
ia,ia
ialah,iyelah
ibadah,ibadah
ibadah,sembayang
ibarat,anggap
ibarat,ibarat
iblis,iblis
iblis,setan
ibu,emak
ibu,ibu
ibu,ibunda
ibu,mak
ibu,mamak
ibukota,ibukote
ibunya,emaknye
ibunya,ibunye
ide,ide
ideal,ideal
identifikasi,identifikasi
identik,persis
identik,same
identitas,identiti
idenya,pendapatnye
idenya,usonye
idiot,bahlul
idiot,bodoh
idiot,cacat
idiot,idiot
ijab,ijab
ijazah,ijasah
ijazah,ijazah
ijuk,ijok
ikan,ikan
ikat,ikat
ikat,kebat
ikatan,ikatan
ikhlas,ekhlas
ikhlas,rele
ikhlas,tulos
iklan,iklan
iklim,cuaca
iklim,iklim
ikrar,ikrar
ikrar,janji
ikrar,sumpah
ikut,ikot
ikut,ikut
ikut,torot
ikuti,ikoti
ikuti,toroti
ilegal,tak sah
ilmu,ilmu
ilmunya,elmunye
ilmuwan,pakar
ilusi,ilusi
ilusi,silap mata
imajinasi,hayalan
imajinasi,mengayal
imam,imam
iman,iman
imbalan,ganjaran
imbang,imbang
imbau,imbau
imbauan,imbauan
imigran,pendatang
imigrasi,pindahan
impian,cite cite
impor,impor
imun,imun
indah,cantek
indah,indah
indikasi,tande-tande
individu,sendiri
individu,sorang
induk,indok
induknya,induknye
infeksi,infeksi
inflamasi,inflamasi
informan,pemberi kabar
informasi,berita
informasi,informasi
informasi,maklumat
ingat,ingat
ingatan,kenangan
ingatkan,ingatkan
ingatkan,kenangkan
ingin,endak
ingin,hendak
ingin,ingen
ingin,ingin
inginkan,endakkan
inginkan,ingenkan
ini,ni
inilah,nilah
inisial,alias
inisial,gelo
inisiatif,inisiatip
inklusif,temasok
inovasi,inovasi
insan,insan
insang,insang
insiden,perkara
insinyur,insinyo
inspektur,pemandu
inspektur,pemimpen
inspirasi,akal
instansi,agensi
instruksi,arahan
intelek,tepelaja
intelektual,cedek pandai
intelektual,tepelaja
internet,internet 
interupsi,sampukan
inti,simpulan
investigasi,nyidik
investor,tokeh
ipar,ipa
irama,irama
ironis,lara
isap,menghisap
isi,isi
isian,isian
isinya,isinye
isl,is
islam,islam
isolasi,di asing
istana,istana
isteri,bini
istilah,sebotan
istimewa,istimewe
istirahat,break
istirahat,istirahat
istirahat,rehat
istri,bini
istri,istri
istri,orang rumah
istrinya,bininye
istrinya,istrinye
isu,kabar
isyarat,isyarat
itik,itik
itu,tu
iuran,yuran
iya,iye
izin,izin
izin,permisi
jabat,berkhidmat
jabat,jabat
jabat,jawat
jabatannya,jabatannye
jadi,jadi
jadinya,jadinye
jadwal,acara
jaga,jage
jago,pendeko
jagung,jagong
jahat,jahat
jajah,jajah
jajahan,jajahan
jajanan,pemakan
jaket,jaket
jaksa,pengadil
jala,jala
jala,jareng
jalan,jalan
jalan,lebuh
jalan,persiaran
jalan,siar
jalanan,jalanan
jalang,jalang
jalani,jalani
jalannya,jalannye
jalur,arah
jalur,jalur
jam,jam
jam,waktu
jamaah,jemaah
jaman,mase
jambak,jambak
jambak,renggut
jamban,jamban
jaminan,jaminan
jamur,cendawan
jamur,kulat
janda,jande
jangan,jangan
jangan,usah
jangka,jangka
jangka,jangke
jangkauan,capai
jangkauan,jangkau
janji,janji
jantan,jantan
jantung,jantung
janur,jano
jarak,jarak
jaraknya,jaraknye
jarang,kekadang
jari,jari
jaring,jareng
jaring,jaring
jaring,rangkai
jaringan,keno mengeno
jaringan,sangkot paot
jarum,jarom
jasa,budi
jasa,jasa
jasa,jaso
jasad,jasad
jasadnya,jasadnye
jasanya,jasanye
jatah,catuan
jatah,jatah
jati,jati
jatuh,jatoh
jatuhkan,jatohkan
jatuhnya,jatohnye
jauh,jaoh
jawaban,jawaban
jaya,jaye
jebakan,jerat
jebakan,perangkap
jejak,jojak
jelas,jelas
jelaskan,jelaskan
jelata,jelata
jelek,burok
jelek,teruk
jemput,jemput
jemur,ampai
jenaka,jenaka
jenaka,lucu
jendela,jandela
jenderal,jendral
jendral,jenderal
jenis,jenis
jenis,jonis
jenius,pandai sangat
jenjang,jenjang
jentik,jentek
jenuh,jenoh
jenuh,tepu
jepit,jepet
jepit,sepet
jerami,jerami
jernih,jerneh
jernih,jernih
jernihnya,jernehnye
jeruk,jerok
jeruk,jeruk
jeruk,limau
jet,jet
jika,bile
jika,jika
jika,jike
jika,sekiranya
jilbab,tudung
jilid,jiled
jimat,tangkal
jin,jin
jitu,ampoh
jitu,jitu
jiwa,jiwe
jiwanya,jiwenye
jodoh,jodoh
jual,jual
juara,juare
judi,betaruh
judul,judol
judulnya,judolnye
juga,juge
jujur,jujo
julukan,alias
julukan,gelo
jumlah,jumlah
jumlahnya,jumlahnye
juni,juni
jurang,jurang
jurang,tebing
juri,pengadil
juri,wasit
jurnal,jurnal
jurnalis,jurnalis
juru,juru
jurus,jurus
jurusan,jurusan
jurusannya,jurusannye
kabar,kabar
kabar,khabar
kabarnya,beqhitenye
kabarnya,kabanye
kabel,kabel
kabel,wayar
kabul,kabul
kabung,dukecite
kabung,kabong
kabur,kabur
kabur,laqhi
kabur,pegi
kabut,kabot
kaca,kaca
kacak,bagos
kacak,kacak
kacamata,kacamata
kacang,kacang
kacau,anco
kacau,rosak
kadang,kadang
kadangkala,kadangkale
kadar,kadar
kafe,kafe
kaget,tekejot
kain,kain
kaisar,kaisar
kaitan,sangkot
kaitannya,hubungannye
kaitannya,kaitanye
kajian,kajian
kakak,akak
kakak,kak
kakak,kakak
kakaknya,akaknye
kakek,atuk
kakek,datuk
kakek,tuk
kakeknya,atoknye
kaki,kaki
kakinya,kakinye
kaku,kaku
kaku,kejang
kalah,kalah
kalamin,kelamin
kalang,kalang
kalangan,kalangan
kalangan,lingkongan
kalau,bile
kalau,kalau
kaldu,penyedap
kalender,kalendar
kali,parit
kalian,mike
kalimat,kalimat
kalinya,kalinye
kalung,rantai
kamar,bilik
kamar,kamar
kambing,kambing
kamera,kamera
kami,kami
kampung,duson
kampung,kampong
kampung,kampung
kampungnya,dusonye
kampungnya,kampongnye
kampus,kampus
kamu,engkau
kamu,kamu
kan,kan
kanak,budak
kanan,kanan
kancing,kancing
kanda,kanda
kandang,kandang
kandangnya,bansalnye
kandangnya,rebannya
kandung,kandung
kandungan,kandungan
kanker,kanker
kantin,kantin
kantong,kocek
kantor,balai
kantor,kantor
kantornya,kantonye
kapak,kapak
kapal,kapal
kapalnya,kapalnye
kapan,bila
kapan,bilakah
kapan,bile
kapan,kapan
kapas,kapas
kapsul,kapsul
kapten,kapten
kapuk,kapok
kapur,kapur
karakter,jenis
karakter,kelaku
karakter,perwatakan
karakter,tipe
karakter,watak
karang,ngarang
karantina,karantina
karat,karat
karate,karate
karbon,karbon
karena,kerana
karena,lantaran
karena,oleh
karena,sebab
karenanya,sebabnye
karet,getah
karib,karib
karir,karir
karma,karme
karnaval,karnaval
karpet,karpet
karpet,permaidani
kartu,kartu
karun,karon
karung,goni
karunia,karunia
karya,karya
karyanya,karyanye
karyawan,karyawan
karyawan,pekerja
kas,kas
kasar,kasa
kaset,kaset
kasi,beri
kasih,bagi
kasih,beri
kasir,kasir
kasur,tilam
kasus,kasus
kasus,kes
kata,kate
kata,kato
katak,katak
katakan,sebutkan
katanya,katenye
kategori,jenis
kau,awak
kau,kau
kaum,umat
kawan,kawan
kawanan,kumpulan
kawannya,kawanye
kawasan,kawasan
kawasan,lingkungan
kawasan,rantau
kawasan,sekitaran
kawasan,tempat
kawin,kawen
kaya,kaye
kayak,macam
kayu,balak
kayu,kayu
ke,ke
keadaan,keadaan
keadilan,sama rata
keahlian,keahlian
keahlian,kepandaian
keahliannya,keahlianye
keahliannya,kepandaiannye
keajaiban,keajaiban
keamanan,keamanan
kebahagiaan,kesenagan
kebaikan,kebaikan
kebajikan,kebajikan
kebakaran,kebakaran
kebal,kebal
kebanggaan,kebanggaan
kebangsaan,kebangsean
kebanyakan,kebanyakan
kebebasan,kebebasan
kebenaran,kebenaran
kebenarannya,kebenarannye
keberadaan,keberadaan
keberadaan,wujud
keberadaannya,keberadaannye
keberatan,keberatan
keberhasilan,kebehaselan 
keberuntungan,keberuntungan
keberuntungan,kemujuran
kebetulan,kebetulan
kebiasaan,kebiasaan
kebiasaan,kelaziman
kebijakan,kebijakan 
kebijaksanaan,kebijaksanaan
kebobolan,kebobolan
kebon,kebun
kebun,kebun
kebutuhan,kebutuhan
kebutuhan,keperluan
kecap,kicap
kecelakaan,kecelakaan
kecepatan,kecepatan
kecepatan,kelajuan
kecerdasan,kepandaian
kecerdasan,kepintaran
kecewa,kecewe
kecewa,kecikaiti
kecil,kecik
kecilnya,keciknye
kecuali,kecuali
kedai,kedai
kedainya,kedainye
kedamaian,damai
kedatangan,kedatangan
kedatangan,tiba
kedengarannya,kedengarannye
kedudukan,kedudokkan
kegaduhan,kebisingan
kegelapan,kegelapan
kegunaan,kegunean
kehendak,kehendak
kehidupan,kehidupan
kehormatan,kehormatan
kehormatan,keseganan
keinginan,keinginan
keinginan,kemauan
kejadian,kejadian
kejahatan,kedegilan
kejahatan,kejahatan
kejam,zolim
kejar,kejo
kejutan,kejutan
kekal,abadi
kekasih,kekasih
kekerasan,kekerasan
kekuatan,kekuatan
kekurangan,kekurangan
kekurangan,kurang
kekurangan,tak punya
kelas,kelas
kelas,lokal
kelihatan,nampak
kelihatannya,nampaknye
kelinci,kelinci
keliru,silap
kelola,kurus
kelola,kuruskan
kelola,urus
kelompok,kelompok
kelompok,rombongan
keluar,kelue
keluarga,keluarge
kemah,khemah
kemahiran,kepandaian
kemajuan,kemajuan
kemalangan,kemalangan
kemampuan,kemampuan
kemampuannya,kepandaian
kemana,kemane
kemarahan,kemarahan
kematian,kemangkatan
kematian,kematian
kematian,meninggal
kembali,belek
kembalikan,balekkan
kembalilah,baleklah
kemenangan,kemenangan
kemungkinan,agak-agak
kemungkinan,kemungkinan
kenang,kenang
kenangan,kenangan
kenapa,kenapa
kenapa,ngape
kencang,laju
kencing,kencing
kencing,pipis
kendali,kendali
kendali,kontrol
kendaraan,tunggangan
kental,pekat
kentang,kentang
kenyam,mengenyam
kenyataan,hal sebenar
kenyataan,hal sebetul
kenyataan,kenyataan
kepada,kepada
kepak,kepak
kepala,kepala
kepala,ketua
kepala,pengetua
kepentingan,sangat penting
kepolisian,kepolisian
keputusan,hasil
keputusan,hasil runding
keputusan,keputusan
kera,beruk
kera,kera
kerajaan,kerajaan
keras,keras
keras,mengeras
keras,tenat
kerdil,kecik
kereta,kereta
kerja,keje
kerja,kerja
kerjakan,kejekan
kerjasama,kejesame
kerongkongan,kerongkong
kertas,kertas
keruh,keroh
kerusakan,kebinasaan
kerusakan,kehancuran
kerusakan,kerusakan
kerusakan,punah ranah
kesalahan,kesalahan
kesana,kesane
keselamatan,keselamatan
kesenangan,kesenangan
kesepakatan,kesepakatan
kesepakatan,runding
kesepian,kelengangan
kesepian,kesepian
kesepian,kesunyian
kesulitan,kepayahan
kesulitan,kesulitan
kesulitan,kesusahan
ketua,kepala
ketua,ketua
keturunan,anak cucu
keturunan,keturunan
keturunan,pewaris
keuangan,keuangan
keuntungan,hasil untung
keuntungan,keuntungan
keyakinan,kepercayaan
keyakinan,kesungguhan
keyakinan,keyakinan
khawatir,bimbang
kiai,kiai
kidal,kidal
kimia,kimia
kini,kini
kini,sekarang
kira,kira
kiri,kiri
kirim,hantar
kirim,kirim
kisah,cerita
kisah,kisah
klien,klien
klien,pembeli
klub,kelab
klub,klub
kode,isyarat
kode,kode
kodok,kodok
kodrat,kudrat
koin,kepingan
koin,koin
kolam,kolam
kolesterol,kolesterol
kolom,lajur
kolom,turus
kolonel,kolonel
komandan,komandan
kompetisi,perlombaan
kompetisi,persaingan
kompor,dapur
komputer,komputer
komunikasi,cakap
komunikasi,komunikasi
kondisi,keadaan
kondisi,kesah
kondisi,kondisi
konflik,konflik
kontak,kontak
kontrak,terikat
kontribusi,sumbangan
kopi,kopi
koran,surat kabar
korban,korban
kosong,kosong
kostum,kostum
kostum,pakaian
kota,kota
kotak,kotak
kotak,petak
kotak,peti
kotoran,barang kotor
kotoran,kotoran
kotoran,taik
kredit,angsuran
kru,awak
kru,kru
ksatria,ksatria
ksatria,pejuang
ksatria,pendekar
kuali,kuali
kuasa,kuasa
kuasa,kudrat
kuat,kuat
kuat,menguat
kuatir,kuatir
kubu,kubu
kuburan,kubur
kuburan,kuburan
kucing,kucing
kuda,kuda
kue,kue
kue,kuih
kuil,klenteng
kuil,kuil
kuliah,kuliah
kulit,kulit
kunci,kunci
kuno,kuno
kuno,purba
kuntum,kuntum
kuping,telinga
kupu-kupu,kupu-kupu
kupu-kupu,rama-rama
kurang,kurang
kursi,kursi
kursi,tempat duduk
kurus,kurus
kutukan,kutukan
kutukan,sumpah
lab,lab
laboratorium,laboratorium
lada,lada
lagu,lagu
lajang,lajang
laju,laju
laju,luru
laju,pecut
lajur,lajur
laki,laki
lalai,lalai
lambat,lambat
lampu,lampu
lampu,pelita
lampu,penerang
lancar,lancar
lancip,tirus
langit,langit
lantai,aras
lantai,lantai
lantai,tingkat
lantik,lantik
lapang,lapang
lapangan,lapangan
lapangan,padang
lapangan,tanah lapang
laporan,aduan
laporan,laporan
latih,latih
latihan,latihan
latihan,trening
laut,laut
lautan,lautan
lawan,lawan
lawan,rival
lawan,saingan
layak,layak
layanan,perkhidmatan
layar,layar
lazim,lazim
lebah,lebah
lebuh,lebuh
lebur,lebur
lebur,melebur
ledak,ledak
ledak,letup
ledakan,ledakan
ledakan,letupan
ledakan,meletup
legenda,legenda
leher,leher
lelah,lelah
lelaki,jantan
lelaki,laki-laki
lelaki,lelaki
leleh,leleh
leleh,meleleh
lelucon,gurauan
lelucon,jenaka
lelucon,lawakan
lelucon,lelucon
lelucon,nyanyahan
lelucon,repekan
lemak,lemak
lemari,almari
lemari,lemari
lemari,peti
lemas,lemas
lembar,lembar
lena,lena
lengan,lengan
lesu,lesu
letih,letih
letnan,letnan
letus,letus
lezat,lazat
libur,cuti
liburan,berangkat
liburan,liburan
licin,licin
lihat,lihat
lihat,rujuk
limau,limau
limbah,sisa
limit,limit
lingkaran,bulatan
lingkaran,lingkaran
lingkungan,lingkungan
lingkungan,pekarangan
lingkungan,sekitaran
listrik,listrik
logam,logam
logika,logik
logis,logik
lokasi,lokasi
lokasi,posisi
lokasi,tempat
lonceng,loceng
longgar,longgar
longsor,runtuh
lorong,lorong
lowong,jawat
luas,besar
luas,lapang
luas,luas
lubang,lubang
lucu,jenaka
lucu,lucu
luka,luka
lukisan,lukisan
lumba-lumba,lumba
lurah,lurah
macam,macam
macan,harimau
macet,sesak
madu,madu
maha,maha
mahal,ingati
mahal,mahal
mahasiswa,mahasiswa
mahir,mahir
mahkota,mahkota
mainan,mainan
majalah,berita
majalah,surat kabar
makanan,makanan
makanan,pemakan
makhluk,makhluk
maksud,maksud
maksud,maksudkan
malaikat,malaikat
malam,malam
malapetaka,malapetaka
mama,emak
mama,mak
mama,mama
mama,mamak
mampu,mampu
manajer,pengurus
manakala,manakala
mantan,mantan
mantra,mantra
manusia,manusia
manusia,orang
mapan,mapan
marah,marah
marhum,marhum
marinir,marin
marinir,pasukan
markas,markas
masa,jaman
masa,masa
masa,waktu
masak,masak
masalah,hal
masalah,kesah
masalah,masalah
masam,asid
masam,masam
masyarakat,khalayak ramai
masyarakat,masyarakat
mata,mata
matahari,matahari
matang,matang
matematika,matematik
materi,jirim
materi,kebendaan
mayat,jenazah
mayat,mayat
medan,medan
media,alat
media,sarana
megah,megah
meja,meja
melatih,latih
melatih,melatih
memori,ingat
memori,penyimpan
mempelai,mempelai
menara,menara
menara,tower
mengapa,kenapa
mengapa,kenapakah
mengapa,mengapa
mengapa,mengapakah
menit,menit
mentah,mentah
menteri,menteri
merah,merah
merica,lada
mesin,enjin
mesin,jentera
mesin,mesin
mesra,mesra
metode,kaedah
militer,militer
mimpi,mimpi
minggu,ahad
minggu,minggu
minim,minim
minta,minta
minuman,minuman
minyak,minyak
miring,condong
mirip,mirip
misi,misi
misi,target
misi,tujuan
misteri,misteri
misteri,rahasia
mobil,automobil
mobil,kereta
mobil,mobil
modal,modal
mohon,mohon
molek,molek
momen,kejadian
momen,momen
monyet,kera
monyet,monyet
moral,moral
motor,motor
muat,muat
muat,muatkan
muda,muda
mudah,mudah
muka,muka
mula,mula
mulai,bermula
mulai,mula
mulai,mulai
mulai,mulakan
mulus,mulus
mulut,mulut
muncul,muncul
murah,murah
murid,pelajar
murka,murka
musang,musang
museum,mezeum
museum,museum
museum,situs
musik,lagu
musik,musik
musim,musim
musuh,lawan
musuh,musuh
musuh,rival
nada,nada
nafas,nafas
naga,naga
nakal,nakal
nangka,nangka
narkoba,narkoba
nasib,nasib
nasional,kebangsaan
nasional,nasional
natal,natal
negara,negara
negara,negeri
negeri,negara
negeri,negeri
negeri,tengah
nenek,andung
nenek,mak uwo
nenek,nenek
nenek,uwan
neraka,neraka
ngengat,rama-rama
nian,nian
nilai,nilai
nomor,angka
nomor,nomor
nona,dara
nona,gadis
nona,nona
not,not
nujum,nujum
nuklir,nuklir
nyawa,nyawa
nyawa,roh
nyonya,nyonya
obat,obat
olahraga,olahraga
olahraga,sukan
ongkos,biaya
ongkos,tambang
operasi,bedah
operasi,operasi
opini,opini
orang,makhluk
orang,manusia
orang,orang
organisasi,kelompok
organisasi,kumpulan
organisasi,lembaga
otak,otak
pabrik,gudang
pabrik,pabrik
pacar,pacar
pagar,pagar
pagi,pagi
pahlawan,pahlawan
pajak,pajak
pajak,pasar
pajak,pungutan
pajang,pajang
pakaian,baju
pakaian,pakaian
paket,paket
paman,bapa saudara
paman,pak cik
paman,saudara
panah,panah
panci,periuk
pandai,pandai
pandangan,pandangan
panggilan,panggilan
panggung,panggung
pangkal,pangkal
panjang,panjang
pantai,pantai
pantas,pantas
papa,bapak
papa,papa
papan,papan
parang,parang
parasut,payung
parkir,parkir
partai,partai
pasangan,pasangan
pasar,pasar
pasien,pesakit
pasir,pasir
pasukan,tentera
patung,patung
patut,patut
paus,paus
payudara,payudara
payung,payung
pecundang,pecundang
pecundang,pengecut
pedang,pedang
pegangan,pegangan
pegawai,pegawai
pegawai,pengjawat
pegunungan,pegunungan
pejuang,pejuang
pekan,minggu
pekan,pekan
pekat,pekat
pekerja,buruh
pekerja,pekerja
pekerjaan,kerja
pelacur,pelacur
pelajaran,pelajaran
pelaku,pelaku
pelanggaran,pelanggaran
pelanggaran,pertentangan
pelatihan,pelatihan
pelayan,pelayan
pelihara,pelihara
pelik,pelik
pelindung,pelindung
pelindung,penjaga
pelopor,pelopor
peluk,peluk
peluru,peluru
pemain,pemain
pemakaman,pemakaman
pemakaman,penguburan
pemandangan,pemandangan
pembuat,pembuat
pembunuh,pembunuh
pembunuhan,pembunuhan
pemburu,pemburu
pemenang,pemenang
pemeriksaan,pemeriksaan
pemerintah,kerajaan
pemikiran,pemikiran
pemilik,pemiliknya
pemimpin,pemimipin
penampilan,penampilan
penari,penari
pencarian,pencarian
pencuri,pencuri
pendeta,pastor
penduduk,rakyat
penelitian,penyelidik
penembak,penembak
penemuan,ciptaan
penemuan,temuan
penerbangan,penerbangan
penerjemah,penerjemah
pengacara,peguam
pengadilan,mahkamah
pengalaman,pengalaman
pengantin,pengantin
pengawal,pengawal
pengawal,penjaga
pengetahuan,ilmu
pengetahuan,kajian
pengetahuan,pelajaran
pengetahuan,pengetahuan
penggal,memenggal
penggal,penggal
penggemar,peminat
penghargaan,penghargaan
penghargaan,penghormatan
pengkhianat,pengkhianat
penipu,penipu
penipu,tipu 
penis,penis
penis,zakar
penjaga,pengawal
penjahat,penjenayah
penjara,penjara
penjelasan,penjelasan
penjualan,jualan
penjualan,pedagang
penjualan,penjual
penonton,penonton
penulis,pengarang
penutup,akhir
penutup,penutup
penyakit,penyakit
penyelidikan,penyelidikan
penyihir,penyihir
pepaya,betik
peperangan,perang
perahu,bot
perak,perak
peralatan,peralatan
perampokan,pencurian
perampokan,perampokan
perampokan,perompakan
peran,berperan
peran,peran
peran,peranan
perang,perang
perangai,perangai
perangkap,jebakan
perasaan,perasaan
peraturan,peraturan
perawat,jururawat
perawatan,pemeliharaan
perawatan,perawatan
perayaan,kenduri
perayaan,perayaan
perbatasan,sempadan
perbedaan,perbezaan
perbuatan,perbuatan
perbuatan,perilaku
perbuatan,tindakan
perbuatan,tingkah laku
percakapan,dialog
percakapan,percakapan
perdamaian,perdamaian
perempuan,perempuan
perempuan,wanita
pergi,pergi
perhatian,perhatian
peri,bidadari
peringatan,amaran
perintah,perintah
periode,penggal
periode,periode
periode,tempoh
periuk,periuk
perjalanan,perjalanan
perkakas,perkakas
perkara,perkara
perkasa,perkasa
perlahan,perlahan
perlindungan,perlindungan
permadani,permaidani
permainan,permainan
permen,bonbon
permen,gula-gula
permen,kembang gula
permen,permen
permintaan,permintaan
permisi,izin
permukaan,permukaan
permulaan,permulaan
pernyataan,perkataan
pernyataan,pernyataan
perpustakaan,perpustakaan
perpustakaan,pustaka
persahabatan,persahabatan
persis,persis
pertahanan,benteng
pertahanan,kekuatan
pertahanan,pembelaan
pertahanan,pertahanan
pertarungan,gaduh
perubahan,perubahan
perusahaan,perusahaan
pesan,amanat
pesawat,kapal terbang
pesta,acara
pesta,pesta
peta,peta
petani,petani
petarung,petarung
peti,peti
petualangan,petualang
petunjuk,arahan
piano,piano
pihak,pihak
pikiran,pikiran
pil,pil
pilih,pilih
pilih,undi
pilihan,pilihan
pilot,juruterbang
pintu,pintu
pionir,pelopor
pipa,pipa
pipa,selang
piring,pinggan
piring,piring
piring,plat
pisau,pisau
pistol,pistol
planet,planet
poin,poin
pola,bentuk
pola,corak
pola,pola
politik,politik
presiden,presiden
pria,laki laki
produk,produk
profesional,ahli
profesor,profesor
program,atur
program,program
program,rancangan
proses,jalan
proyek,kerja
proyek,proyek
proyek,tender
publik,awam
publik,khalayak ramai
publik,masyarakat
publik,umum
puing,puing
puing,saki
puisi,puisi
puisi,sastra kata
pukulan,tumbuk
pulau,pulau
puncak,puncak
pupuk,baja
pupuk,pupuk
pusat,pusat
putaran,keliling
putaran,pusingan
putaran,putaran
putih,putih
putra,anak laki laki
putra,putra
racun,tuba
radio,radio
raksa,raksa
raksasa,gergasi
ramal,ramal
rambut,rambut
rampas,rampas
rangkul,rangkul
rapat,mesyuarat
rasa,rasa
ratu,ratu
rebut,rampas
rebut,rebut
redup,malap
redup,meredup
rekaman,rekaman
rekan,kawan
rekan,rakan
rekan,rekan
rekan,teman
rekening,rekening
remaja,remaja
rencana,rencana
reporter,peliput
reporter,wartawan
restoran,restoran
restu,restu
ringkas,ringkas
risiko,akibat
roboh,roboh
robot,robot
roda,roda
roh,roh
rokok,rokok
rongga,rongga
roti,roti
ruang,lokal
ruang,ruang
ruangan,ruangan
rujuk,rujuk
rumah,rumah
rumah,umah
rumahnya,rumahnye
rumit,rumit
rumor,berita 
rumor,rumor
rumput,rumput
runcing,runcing
runtuh,runtuh
rupa,rupe
rupanya,rupenye
rusak,rusak
rusaknya,rusaknye
rute,jalur
rute,rute
saat,saat
saatnya,saatnye
sabar,saba
sabuk,sabuk
sabuk,tali pengikat
sabuk,tali pinggang
sahabat,kawan
sahabatnya,sahabatnye
saham,saham
sahih,sahih
saja,saje
saksi,saksi
salah,salah
salam,salam
saldo,baki
salju,salju
sambal,sambal
sambil,sambel
sambung,sambong
sampah,sampah
samping,samping
samping,sebelah
samping,tepi
sampingnya,sampingnye
sampul,sampul
sampurna,sempurne
sana,sane
sanalah,sanelah
sandera,tawanan
sangat,sangat
sangatlah,sangat lah
sangka,sangke
santa,santa
sapi,kerbau
sapi,lembu
sapi,sapi
saran,cadangan
sarana,sarangnye
sarapan,sarapan
sasaran,sasaran
sastranya,sastranye
satelit,satelit
saudara,ikhwan
saudara,saudara
saudara,sodao
saudari,saudari
saya,saya
saya,sayembara
sayang,sayangnye
sayangnya,sayangnye
sayap,sayap
sayapnya,sayapnye
sayembara,sayembara
sayur,sayo
sayuran,asayuran
seakan,seakan
searah,searah
sebab,sebab
sebabnya,sebabnye
sebagaimana,sebagaimane
sebagainya,sebagainye
sebagian,sebagian
sebaik,sebaik
sebaiknya,sebagainye
sebaliknya,sebaliknye
sebanyak,sebanyak
sebaris,sebares
sebatang,sebatng
sebelah,sebelah
sebelas,sebelas
sebelumnya,sebelumnye
sebentar,sebenta
seberang,seberang
seberapa,seberape
seberat,sebeqhat
sebesar,sebesa
sebidang,sebidang
sebotan,alias
sebulan,sebulan
sebut,sebot
sebutan,sebutan
sebutkan,sebutkan
secara,secaqhe
secepatnya,secepatnye
secukupnya,secukopnye
sedang,sedang
sedangkan,manakala
sedangkan,sedangkan
sedap,sedap
sediakan,sediekan
sedih,sedeh
sedikit,sekit
sedikitnya,sekitnye
sedunia,seduina
seekor,seekor
segan,segan
segar,segar
segaris,segaqhes
segenap,segenap
segera,segera
segera,sejurus
segera,serta-merta
segolongan,segolongan
segulung,segulong
sehabis,sehabes
seharga,seharge
sehari,sehaqhi
sehat,sehat
sehat,sihat
sehingga,sehingga
sehubungan,sehubungan
seimbang,seimbang
seiring,sereng
sejahtera,sejahtera
sejajar,sejajar
sejak,sejak
sejalan,sejalan
sejam,sejam
sejarah,sejarah
sejarahnya,sejarahnye
sejarak,sejarak
sejati,sejati
sejauh,sejauh
sejenis,sejenis
sejenis,setukoh
sejuk,sejok
sejuk,sejuk
sejumlah,sejumlah
sekadar,sekadar
sekaki,sekaki
sekali,sekali
sekalian,sekalian
sekaligus,sekaligos
sekampung,sekampong
sekarang,sekarang
sekarat,tenat
sekat,sekat
sekata,sekate
sekeliling,sekeliing
sekelilingnya,sekelililngnye
sekelompok,sekelompok
seketika,seketika
sekian,sekian
sekilas,sekilas
sekilo,sekilo
sekitar,sekitar
sekitarnya,sekitarnye
sekolah,sekolah
sekolahnya,sekolahnye
sekretaris,sekretaris
seks,seks
sekuat,sekuat
sekunder,sekunder
sekurang,sekuqhang
sekutu,sekutu
sel,sel
sela,sela
selai,selai
selain,selain
selaku,selaku
selalu,selalu
selam,selam
selamanya,selamenye
selamat,selamat
selamatkan,selamatkan
selamatlah,selamatlah
selangit,selanget
selanjutnya,selanjotnye
selaput,selapot
selari,selaqhi
selasih,selasih
selat,selat
selatan,selatan
selayang,selayang
selebar,seleba
selebihnya,selebihnye
seleksi,seleksi
selepas,selepas
selesai,selesai
selesaikan,selesaikan
selimut,selimot
selisih,seliseh
selnya,selnye
selokan,longkang
seluas,seluas
seluruh,seluroh
seluruhnya,seluruhnye
semakin,semakin
semalam,semalam
semangat,semangat
semasa,semase
semata,semate
sematang,semasak
sembab,sembap
sembah,sembah
sembahyang,sembahyang
sembarangan,sembarangan
sembilan,sembilan
sembuh,sembuh
semenanjung,semenanjung
sementara,sementare
semestinya,semestinye
semifinal,semifinal
seminar,seminar
seminggu,seminggu
semisal,semisal
sempat,sempat
sempit,sempet
semu,semu
semua,semue
semuanya,semulenye
semula,semuel
senapan,senjata api
senator,senator
sendi,sendi
sendiri,sendiri
sendirinya,sendirinye
sendok,sendok
sengaja,sengaje
sengketa,pertikaian
sengketa,sengketa
sengsara,sengsara
seni,seni
senilai,senilai
seniman,seniman
senin,senin
seninya,seninye
senior,atasan
senior,berpengalaman
senior,lebih tua
senior,petinggi
seniornya,seniornye
senjata,senjata
sentuh,sentoh
senyap,senyap
senyum,senyum
seolah,seolah
seorang,sorang
seorangpun,sorangpun
sepaham,sepaham
sepak,sepak
sepakat,sepakat
sepakbola,bola sepak
sepangkat,sepangkat
sepanjang,sepanjang
separuh,separoh
sepasang,sepasang
sepatu,sepatu
sepeda,sepeda
sependapat,sependapat
sepenggal,sepenggal
sepenuhnya,sepenuhnye
seperempat,sepeempat
seperti,seperti
sepertiga,sepertige
sepertinya,sepertinnye
sepi,sepi
sepotong,sekeqhat
september,september
sepulang,sebalek
seragam,seragam
serahkan,serahkan
serang,serang
serangan,serangan
serangga,binatang
serangga,serangga
serangkaian,seqhangkaian
serap,serap
serasi,serasi
serentak,serentak
seri,same
seri,seri
seribu,seqhibu
serigala,serigala
serikat,kawanan
serikat,kumpulan
serikat,sekutu
serikat,serikat
serius,serius
serong,sorang
sersan,sersan
serta,serta
serumpun,serumpun
serupa,serupe
sesaat,sesat
sesak,sesak
sesama,sesame
sesat,sesat
seseorang,seseorang
sesuai,sesuai
sesuatu,sesuatu
sesungguhnya,sesungguhnye
setahun,setahon
setamat,setamat
setan,hantu
setan,setan
setara,setara
setebal,setebal
setelah,setelah
setelahnya,setelahnye
setempat,setempat
setengah,setengah
seterusnya,setrosnye
setia,setia
setiap,setiap
setidaknya,setidaknye
setinggi,setinggi
setingkat,setingkat
setumpuk,setumpok
seumpama,seumpama
seumur,seumo
seusai,sesuai
sewa,siwe
sewaktu,sewaktu
shalat,sembayang
shalat,shalat
siang,siang
siapa,siape
siapkan,siapkan
sidang,sidang
sifat,ciri
sifat,sifat
sifat,watak
sifatnya,sifatnye
sihir,sihir
sikap,sikap
sikapnya,sikapnye
sikat,berus
siksa,menyeksa
siku,siku
sila,sile
silahkan,silekan
silam,silam
silang,silang
silat,silaturahmi
silaturahmi,silaturahmi
silau,silau
simbol,lambang khusus
simbol,simbol
simpan,simpan
simpanan,simpanan
simpang,simpang
simpati,simpati
simpul,gelung
simpul,simpul
sinar,sinar
sinar,sinaran
singa,singa
singgah,singgah
singkat,singkat
singkatan,singkatan
singkatnya,singkatnye
sini,sini
sinyal,sinyal
sipil,sipil
sirup,sirup
sisa,baki
sisa,saki
sisa,sisa
sisanya,sisenye
sisi,sisi
sisik,sisek
sisinya,sisinye
sisir,sisir
sistem,sistem
siswa,pelajar
siswanya,muridnye
siswanya,siswanye
situs,peninggalan
situs,situs
skor,skor
skrip,skrip
soal,soal
sobat,sobat
solar,solar
solid,soled
solusi,solusi
sombong,sombong
songket,songket
sore,petang
sorotan,sorong
sosial,sosial
stabil,stabel
staf,staf
stamina,stamine
start,muali
stasiun,stasiun
statusnya,statusnye
stop,stop
strategi,strategi
strategis,strategis
stroke,stroke
struktur,struktor
studinya,studinye
suami,laki
suami,suami
suaminya,suaminye
suap,suap
suara,bunyi
suara,pertuturan
suara,suaqhe
suara,suara
suara,undi
suaranya,suaqhenye
suasana,keadaan
suasana,suasana
suatu,suatu
subur,subor
sudah,sudah
sudut,sudut
suhu,suhu
suka,suka
sukar,sukar
sukses,sukses
suku,orang
suku,suku
suling,suling
sulit,sukar
sulit,sulet
sulit,sulit
sulitnya,suletnye
sulung,sulong
sumber,sumber
sumbul,sumbol
sumpah,kutuk
sumpah,sumpah
sumur,perigi
sumur,telaga
sunah,sunah
sunat,sunat
sungai,sungai
sungguh,sunggoh
sunnah,sunnah
suntik,suntek
sunting,sunting
sup,sup
supaya,supaya
supaya,supaye
suporter,suporter
surat,surat
suratnya,suratnye
surga,surga
suruh,suqhoh
survei,survei
susah,susah
susu,susu
susun,suson
susunan,susonan
sutradara,suradare
swalayan,kedai
swasta,swasta
syah,sah
syahadat,syahadat
syaikh,syaikh
syair,syaer
syarat,hal
syarat,syarat
syariah,syariah
syariat,syariat
syarifah,syarifah
syarikat,syarikat
system,sistem
syukuran,syukoran
tabung,tabong
taburi,taburi
tadi,tadi
tagihan,tagihan
tahanan,tahanan
tahap,tahap
tahapan,tahapan
tahta,tahte
tahu,tahun
tahun,tahun
tahunan,tahunnye
tajam,tajam
tak,tak
takbir,takbe
takdir,takdir
taksi,taksi
talam,talam
talang,talang
talenta,telanta
tali,hubungan
tali,ikatan
tali,tali
taman,taman
tamat,tamat
tamatan,tamatan
tambah,tambah
tambahan,bubuh
tambahan,ekstra
tambahan,tambahan
tambak,tambak
tambang,tambang
tambangan,tambangan
tampan,tampan
tampil,tampel
tampilan,tampelan
tamu,para jemputan
tamu,pengunjung
tamu,tamu
tanah,bumi
tanah,darat
tanah,tanah
tanahnya,tanahnye
tanam,tanam
tanaman,tanaman
tanaman,tumbuhan
tanda,tanda
tandas,tandas
tanding,tanding
tandingnya,tandingnye
tangan,lengan
tangan,tangan
tangannya,tanganye
tangga,tangga
tangga,tingkat
tanggal,tanggal
tanggal,terkelupas
tanggal,terlepas
tangganya,tanggenye
tanggap,tanggap
tanggung,tanggong
tanggungjawab,tanggongjawab
tangkai,tangkai
tangkap,perangkap
tangkap,tangkap
tangkis,tangkes
tanjung,tanjong
tank,tank
tantang,tentang
tantangan,tantangan
tapai,tapai
tapak,tapak
tapi,tapi
tarekat,terekat
target,capaian
target,sasaran
target,target
target,tujuan
tarian,tarian
tarif,taref
tarik,tarikan
tarikan,tarikan
tarikat,teqhikat
taring,tareng
taruhan,pertaruhan
taruhan,taruhan
tas,tas
tatap,menatap
tau,tau
tawar,tawa
tawaran,tawaran
tayang,tayang
tayangan,tayangan
team,tem
teater,teater
tebak,meneka
tebal,tebal
tebang,balak
tebang,tebang
tebat,tebat
tebing,tebeng
tebing,tebing
tebu,tebu
tegaknya,tegaknye
tegap,tegap
tegar,tegar
tegas,tegas
teguh,teguh
teh,teh
tekanan,tekanan
teknik,teknik
teknologi,alat
teknologi,teknologi
teks,teks
tekstur,teksto
tekun,tekon
tekuni,tekoni
teladan,teladan
telaga,telaga
telaga,telage
telah,telah
telanjang,telanjang
telepon,ponsel
telepon,telepon
telinga,telinga
teliti,teliti
telor,telo
telpon,kontak
telpon,telpon
teluk,telok
telur,telur
telurnya,telonye
teman,geng
teman,kawan
teman,konco
teman,teman
temannya,kawanye
tematik,tematik
tembaga,tembaga
tembakan,tembakan
tembang,tambang
tembok,dinding
tembok,tembok
tembus,tembos
temen,kawan
temenggung,temenggung
tempat,tempat
tempat,wadah
tempatan,tempatan
tempatnya,tempatnye
tempe,tempe
temperatur,temperatur
tempoyak,tempoyak
tempuh,tempoh
tempur,tempo
tempurung,tempuqhong
temuan,temuan
temuannya,temuannye
temui,temui
temukan,temukan
temurun,temuqhon
tenaga,kekuatan
tenaga,pekerja
tenaga,tenaga
tenang,tenang
tenanglah,tenanglah
tenar,tenar
tenda,khemah
tengah,tengah
tengahnya,tengahnye
tenggara,tenggare
tenggorokan,kerongkong
tenggorokan,tekak
tengkar,tengkar
tentang,tentang
tentara,militer
tentara,prajurit
tentara,tentara
tentera,tentare
tenteram,tentram
tentu,tentu
tentunya,tentunye
teolog,teologi
teologi,teologi
teori,aturan
teori,cara
teori,pendapat
teori,teori
teorinya,teorinye
tepat,tepat
tepi,tebing
tepi,tepi
tepian,tepian
tepuk,tepok
tepung,tepung
ter,ter
teran,teran
terancam,terancam
terang,terang
terapan,terapan
terapi,terapi
teras,teras
terasa,terase
teratas,teratas
teratasi,teratasi
teratur,terato
terbaca,tebace
terbagi,tebagi
terbagus,tebagos
terbaik,tebalek
terbakar,tebaka
terbalik,tebalek
terbang,terbang
terbangun,tebangun
terbanyak,tebanyakkan
terbarukan,tebaqhukan
terbatas,tebatas
terbawa,tebawa
terbawah,tebawah
terbayang,tebayang
terbenam,tebenam
terbentang,tebentang
terbentuk,tebentok
terbentuknya,tebentoknye
terbesar,tebesa
terbit,terbit
terbuat,tebuat
terbuka,tebuka
terbukti,tebukti
terbunuh,tebunoh
tercantum,tecantom
tercapai,tecapai
tercatat,tecatat
tercemar,tecema
tercepat,tecepat
tercipta,tecpta
tercuci,tecuci
terdaftar,tedafta
terdahulu,tedahulu
terdapat,tedapat
terdegradasi,tegradasi
terdekat,tedekat
terdengar,tedenga
terdiri,terdiri
terencana,terencane
terendah,terendah
terendam,terendam
tergabung,tegabong
terganggu,teganggu
tergantung,tegantong
tergenang,tegenang
tergolong,tegolong
tergores,tegores
terhadap,tehadap
terhalang,tehalang
terhenti,tehenti
terhimpun,tehimpon
terhitung,tehitong
terhormat,tehormat
terhubung,tehubong
terigu,terigu
terikat,terikat
terima,terima
terimakasih,terimakaseh
terindah,terindah
teringat,teringat
terinspirasi,terinspirasi
teritorial,teritorial
terjadi,tejadi
terjadilah,tejadilah
terjadinya,tejadinye
terjaga,tejage
terjangkau,tejangkau
terjangkit,tejangkit
terjatuh,tejatoh
terjebak,tejebak
terjemahan,terjemahan
terjemahannya,terjemahannye
terjerat,tejeqhat
terjual,tejual
terjun,tejon
terkadang,tekadang
terkait,tekaet
terkalahkan,tekalahkan
terkandung,tekandug
terkaya,tekaye
terkecil,tekecik
terkejut,tekejot
terkemuka,tekemuka
terkenal,tekenal
terkesan,tekesan
terkini,tekini
terkumpul,tekumpol
terkurung,tekuqong
terlahir,telahe
terlaksana,telaksane
terlalu,telalu
terlambat,telambat
terlampau,telampau
terlanjur,telanjo
terlaris,telares
terlebih,telebeh
terlepas,telepas
terletak,teletak
terlibat,telibat
terlihat,teliat
terlilit,telilet
terluas,teluas
terluka,teluke
termahal,temahal
termakan,temakan
termasuk,temasok
termuda,temude
ternama,tename
ternyata,tenyate
terobos,ceroboh
teroris,pengebom
teroris,teroris
terowongan,terowongan
terpadat,tepadat
terpadu,tepadu
terpakai,tepakai
terpaksa,tepakse
terpanjang,tepanjang
terpantau,tepantau
terpecahkan,tepecahkan
terpelihara,tepelihare
terpendek,tependek
terpengaruh,tepengaroh
terpenting,tepenteng
terpercaya,tepecaye
terpikat,tepikat
terpikir,tepike
terpilih,tepileh
terpimpin,tepipin
terpisah,tepisah
terpisahkan,tepisahkan
terpopuler,tepopuler
terpotong,tepotong
terpuruk,tepurok
terpusat,tepusat
terputus,teputos
tersambung,tesambong
tersangka,tesangke
tersangkut,tesangkot
tersebar,tesebar
tersebut,tesebot
tersedia,tesedie
tersendiri,tesendiqhi
terserah,teseqhah
tersimpan,tesimpan
tersinggung,tesinggong
tersirat,tesirat
tersisa,tesise
tersisih,tesiseh
tersusun,tesuson
tertampung,tetampong
tertangkap,tetangkap
tertarik,tetarik
tertawa,tetawak
tertentu,tetentu
tertib,tertib
tertib,teteb
tertingginya,tetingginye
tertuang,tetuang
tertulis,tetules
tertunda,tetunda
tertusuk,tetusok
tertutup,tetutop
terungkap,terungkap
teruntuk,teruntok
terus,teros
terusan,terosan
terutama,teqhutame
tes,coba
tes,tes
tes,try
tes,uji
tetangga,jiran
tetangganya,tetanggenye
tetapi,tetapi
tetaplah,tetaplah
tewas,tewas
tiada,tiada
tiada,tiade
tiang,tiang
tiangnya,tiangnye
tiap,tiap
tiba,tiba
tibanya,tibenye
tidak,tak
tidak,tiada
tidak,tidak
tidakkah,takkah
tidaklah,taklah
tiga,tige
tigabelas,tigebelas
tikar,tika
tiket,karcis
tiket,tiket
tikungan,tikongan
tikus,curut
tikus,tikus
tim,grup
tim,kelompok
tim,tim
timah,timah
timbul,timbol
timnya,timnye
timpa,timpa
timur,timur
tindak,tindak
tindakan,tindakan
tindakannya,tindakannye
tindih,tindeh
tinggal,tinggalnye
tinggalnya,tinggal
tinggi,tinggi
tingginya,tingginye
tingkah,tingkah
tingkat,susunan
tingkat,tahap
tingkat,tingkat
tingkatan,tingkatan
tipe,model
tipe,tipe
tipis,menipis
tipis,nipis
tipis,tipes
tipis,tipis
tipu,bengak
tipu,temberang
tiram,tiram
tirinya,tirinye
tiruan,tiruan
titi,niti
titian,titian
titik,titik
tiup,tiop
toilet,jamban
toilet,kakus
toilet,lemari hias
toilet,tandas
toko,kedai
toko,toko
tokoh,tokoh
tokohnya,tokohnye
tokok,tokok
toleransi,toleransi
tolong,tolong
tolonglah,tolonglah
ton,ton
tongkat,penopang
tongkat,penyangga
tongkat,tongkat
tongkol,tongkol
topeng,topeng
topi,penutup kepala
topi,topi
topi,tudung kepala
total,hasil
total,total
tradisi,budaya
tradisi,tradisi
tradisinya,tradisinye
tradisionalis,tradisionalis
tradisonal,tradisional
tragedi,tragedi
training,training
trans,trans
transaksi,transaksi
transfer,transfer
transformasi,transformasi
transisi,transisi
transparan,tembos pandang
transparan,transparan
truk,truk
tua,bapa
tua,tua
tua,tue
tuah,betuah
tuanku,tuanku
tuanya,tuenye
tubuh,badan
tubuh,tubuh
tubuhnya,badanye
tubuhnya,tubohnye
tuduh,tudoh
tuduhan,tuduhan
tudung,tudung
tugas,kerja
tugas,perintah
tugas,tugas
tugasnya,tugasnye
tuhan,tuhan
tujuan,arah
tujuan,maksud
tujuan,tujuan
tujuannya,tujuannye
tujuh,tujoh
tukang,ahli
tukang,pekerja
tukang,tukang
tukar,tukar
tukar,tukaran
tulang,tulang
tulis,tules
tulisan,tulisan
tulisannya,tulisannye
tulung,tulang
tulus,tulos
tumbang,tumbang
tumbuh,bertumbuh
tumbuh,besar
tumbuh,tumboh
tumbuh,tumbuh
tumor,tumor
tumpah,tumpah
tumpang,tumpang
tumpuan,tumpuan
tumpukan,tumpokan
tumpul,tumpol
tunangannya,tunangannye
tunas,tunas
tunduk,tundok
tunggal,tunggal
tunggu,tunggu
tunggul,tunggol
tungku,tungkok
tunjuk,lantik
tunjuk,tunjok
tunjuk,tunjuk
tunjukkan,tunjokkan
tuntutan,tuntotan
turis,pelancong
turis,turis
turnamen,tandeng
turnamen,turnamen
turun,turon
turunan,turonan
turunkan,turonkan
turunnya,turunnye
turut,ikut
turut,turot
turut,turut
tusuk,tikam
tusuk,tusok
tusukan,tikamkan
tusukan,tusokan
uang,duit
uang,uang
uang,wang
uangnya,duitnye
uap,uap
ubi,ubi
ubur-ubur,ubur
ucapan,cakap
udang,udang
udara,angin
udara,cuaca
udara,udara
udaranya,udarenye
uji,uji
ujian,cobaan
ujian,ujian
ujung,akhir
ujung,ujung
ujungnya,ujongnye
ukiran,ukeran
ukirannya,ukirannye
ukur,uko
ukuran,size
ukuran,ukuran
ukurannya,ukorannye
ulah,ulah
ular,ular
ulasan,ulas
umat,pengikut
umat,umat
umpama,misal
umpamanya,misalnye
umum,umum
umumnya,umumnye
umur,umur
umur,usia
umurnya,umonye
undang,undang
unggul,unggul
unggulan,unggulan
ungkap,ungkap
unik,unik
unit,bagian
unit,satuan
unit,unit
unjuk,tunjuk
untuknya,untoknye
untung,untong
upacara,majelis
upaya,upaye
upayanya,upayanye
urat,urat
urung,urung
urus,uros
urusan,masalah
urusan,perihal
urusan,perkara
urusan,urusan
urut,urut
usah,usah
usaha,pekerjaan
usaha,usaha
usahanya,usahanye
usai,usai
usia,umur
usia,usia
usianya,umonye
usir,halau
usir,usir
usulnye,usulnye
utama,utame
utamanya,utamenye
utan,rimbe
utara,utara
vampir,drakula
vampir,vampir
versi,versi
vertikal,vertikal
video,gambar bergerak
video,gambar hidup
video,video
virus,virus
visual,visual
vokal,vokal
wacana,wacane
wafat,wafat
wafatnya,wafatnye
wahana,wahane
wajah,muka
wajah,rupa
wajah,wajah
wajahnya,mukenye
wajan,kuali
wajar,munasabah
wajar,waja
wajar,wajar
wajib,wajeb
wakil,wakil
wakil,wali
wakilnya,wakilnye
waktu,jam
waktu,masa
waktu,saat
waktu,waktu
walau,walau
walaupun,walaupon
walikota,walikota
wangi,wangi
wanita,betina
wanita,dara
wanita,gadis
wanita,perempuan
wanita,wanita
warga,penduduk
warga,rakyat
warga,warga
warganya,wargenye
waris,waris
warisan,warisan
warna,warna
warnanya,warnenye
wartawan,wartawan
warung,warung
wasiat,wasiat
waspada,ati-ati
waspada,waspade
watak,watak
wawancara,temuduga
wawasan,wawasan
wewenang,wewenang
wilayah,daerah
wilayah,lingkungan
wilayah,wilayah
wilayahnya,daerahnye
wiraswasta,wiraswasta
wirausaha,wirausaha
wisatawan,pelancong
wisatawan,wisatawan
wisuda,wisuda
wujud,wujod
wujud,wujud
ya,ye
yaitu,yaitu
yakni,yakni
yang,yang
zona,tempat
zona,zona
