indonesian,sundanese
aba-aba,komando
aba-aba,parã©ntah
aba-aba,tanda
abad,abad
abadi,langgeng
abadi,sainengna
abadi,salawasna
abai,antep
abai,teu paduli
abang,aa
abang,kaka
abang,lanceuk
abang,raka
abangnya,lanceukna
abangnya,rakana
abdi,kawula
abdu,abdi
abdu,kuring
abdu,satia
abdul,abdu
abi,sipatna
abi,watekna
abis,béak
abis,sã©ã©p
abjad,abjad
abses,bisul
abses,gambuh
absolut,gembleng
absolut,mutlak
absolut,nyata
abstrak,niskala
abu, calacah
abu,kebul
abu,kekebul
abu,lebu
abu-abu,abu-abu
abu-abu,hawuk
abu-abu,kulawu
acar,acar
acara,acara
acara,hajat
acara,hajatan
aceh,acã©h
aceh,ateul
aceh,ucah-acã©h
acuan,acuan
ada,aya
adab,adab
adakan,aya henteu
adakan,ngayakeun
adalah,ieu téh
adalah,nyaã©ta
adanya,ayana
adapula,aya ogã©
adapun,ayana
adat,adat
adat,budaya
adat,tetekon
adatnya,adatna
adatnya,kalakuanana
adatnya,paripolahna
adegan,adã©gan
adi,adi
adi,rai
adik,adi
adik,rai
adik,rayi
adiknya,adina
adiknya,raina
adil,adil
adipati,juragan agung
adipura,adipura
administrasi,administrasi
administratif,administratif
adonan,adonan
adu,pasã©ana sato
aduk,campur
aduk,galo
aduk,ngocek
advokasi,advokasi
advokat,advokat
afganistan,afganistan
afghanistan,afghanistan
afrika,afrika
agak,kosna
agak,rada
agama,agama
agama,agami
agama,ageman
agamanya,agamana
agamanya,agamina
agar,ambã©h
agar,ambéh
agar,jadina
agar,mã©h
agar,sangkan
agen,agã©n
agenda,acara
agenda,agã©nda
agensi,agã©nsi
agraria,agraria
agresi,narajang ti heula
agresif,sifatna narajang
agro,agro
agung,ageung
agung,luhung
agung,luhur
agus,bagus
agus,tubagus
agus,ujang
agustus,agustus
ah,ah
ahad,hiji
ahad,minggon
ahad,poã© ahad
ahli,juru
ahli,manukna
ahli,saã©hu
ahli,tukang
ahmad,ahmad
air,banyu
air,cai
air,ci
airku,cai abdi
airku,cai kuring
airku,ci kuring
airnya,caina
ajaib,anã©h
ajaib,gaib
ajaib,pikahã©raneun
ajaibnya,anã©hna
ajaibnya,gaibna
ajaibnya,pikahã©raneunna
ajaran,ajaran
ajaran,atikan
ajarannya,ajaranna
ajarannya,atikanna
akad,akad
akad,jangji
akademi,akademi
akademik,akademik
akademik,atikan
akademisnya,akademisna
akal,akal
akalnya,akalna
akalnya,pamikiranna
akan,arã©k
akan,badã©
akar,akar
akar,canir
akar,jangkar
akbar,agung
akbar,gedã©
akhir,paneuri
akhir,panungtungan
akhirnya,ahirna
akhirnya,tungtungna
akhlak,akhlak
akhlak,kalkuan
akhlak,paripolah
akibat,balukar
akibatnya,balukarna
akibatnya,dampakna
akomodasi,akomodasi
akrab,akrab
akrab,dalit
akrab,deukeut
akrab,wawuh
akreditasi,akrã©ditasi
akronim,akronim
aksara,aksara
aksen,logat
akses,akses
aksi,aksi
akta,akte
aktif,aktif
aktif,aktip
aktifitas,kagiatan
aktifnya,aktifna
akting,ã©kting
aktor,aktor
aktor,pemeranna
aktris,aktris
aku,abdi
aku,dã©wã©k
aku,kuring
aku,uing
aku,urang
akun,akun
akuntansi,akuntansi
akurat,akur
akurat,akurat
akustik,akustik
akut,parah
akut,parna
alaihi,alaihi
alaihi,ka anjeunna (lalaki)
alam,alam
alamat,alamat
alami,alami
alamnya,alamna
alang,halang
alang,palang
alarm,alarm
alas,dadampar
alas,dasar
alas,pademã©n
alasan,alatan
alasan,alesan
alasan,lantaran
alasannya,alatanna
alasannya,alesanna
alasannya,lantaranna
alat,alat
alatnya,alatna
alatnya,parabotna
albania,albania
album,album
alergi,alergi
alfa,alfa
alias,juluk
alias,landi
alias,sabenarna
alien,alien
alif,alif
alih,ngalih
alih,pindah
alim,alim
alim,lungguh
aliran,aliran
aliran,kocor
aliran,ngocor
aljazair,aljazair
alkali,alkali
alkaloid,alkaloid
alkitab,alkitab
alkitab,kitab
alkohol,alkohol
allah,gusti allah
allah,pangã©ran
allah,gusti
almanak,almenak
almarhum,jenat
almarhumah,almarhumah
alpen,alpã©n
alquran,alquran
alternatif,alternatip
alternatif,pilihan
alum,layu
alumni,alumni
alur,alur
alur,galur
amal,amal
amalan,amalan
aman,aman
amanah,amanah
amanat,amanat
amanat,kapercayaan
amanat,pesenan
amanat,pihapã©
amar,parã©ntah
amat,kacida
amat,pisan
amatir,anyaran
amatir,nembã©an
ambar,amber
ambarawa,ambarawa
ambil,bantun
ambil,candak
ambil,cokot
ambisi,itikad
ambisi,kahayang
ambisi,tã©kad
ambon,ambon
ambon,ambwan
ambulans,ambulan
amen,amin
amendemen,amendemen
americana,bangsa amerika
americana,urang amerika
amerika,amerika
amfibi,amfibi
amien,amin
amin,amin
aminah,aminah
amir,kapala
amir,panglima
amir,sã©napati
amis,hanyir
amplop,amplop
ampun,hampura
anak,anak
anak,budak
anakan,anakan
anaknya,anakna
anaknya,budakna
anaknya,murangkalihna
anaknya,putrana
analis,analis
analisis,medar
analog,analog
anatomi,anatomi
ancaman,anceman
ancaman,paniatan
ancol,ancol
anda,anjeun
anda,manã©h
anda,sia
anda,silaing
andal,andel
andalan,andeleun
andalas,andalas
andam,paku
aneh,anã©h
aneh,teu biasa
aneh,teu ilahar
aneh,teu lumrah
aneka,rupa-rupa
aneka,rupi-rupi
anemia,anemia
anestesi,anestesi
angan,huleng
angel,hã©sã©
angel,leukleuk
angel,lila
anggap,anggap
anggap,nganggap
anggapan,anggapan
anggapan,pamadegan
anggar,maã©n pedang
anggaran,anggaran
anggota,anggota
anggotanya,anggotana
anggrek,anggrã©k
anggun,apik
anggun,sugih mukti
anggur,anggur
angin,angin
angka,angka
angka,nomer
angkasa,jomantara
angkat,angkat
angkat,diangkat
angkat,ditaã©kkeun
angkatan,atragan
angkatan,barengan
angkatan,jaman
angkatan,umuran
angkot,angkot
angkut,ngangkut
angkutan,angkutan
animisme,animisme
anjing,anjing
anjungan,saung
ansambel,ansambel
antagonis,antagonis
antara,antara
antara,antawis
antarabangsa,antara bangsa
antaranya,antarana
antaranya,diantarana
antaranya,diantawisna
antartika,antartika
antena,antena
antena,antã©neu
anti,anti
anti,lawanna
anti,musuhna
antibiotik,antibiotik
antibodi,antibodi
antik,antik
antik,heubeul
antimalaria,antimalaria
anting,anting
anting,suweng
antioksidan,antioksidan
antologi,antologi
antropolog,antropolog
antropologi,antropologi
anugerah,kasinugrahan
anugerah,rohmat
anyaman,anyaman
anyaman,nganyam bilik
anyar,anyar
anyar,weuteuh
anyar,ã©nggal
apa,naon
apabila,lamun
apabila,mun
apabila,upama
apakah,naon
apapun,naon baã©
apapun,naon ogé
apapun,naon waã©
aparat,aparat
aparat,pakakas
apartemen,apartemen
apbn,apbn
apel,apel
api,seuneu
apit,jepit
aplikasi,aplikasi
apresiasi,ajã©n
apresiasi,pangajén
april,april
aqidah,aqidah
arab,arab
arabia,arabia
arabica,arabika
arah,arah
arahan,parã©ntah
arahan,pituduh
arak,arak
aram,sacewol
arang,areng
arca,arca
archimedes,archimedes
area,tempat
areal,arã©a
areal,wewengkon
areal,wilayah
arena,arena
argumen,alesan
argumen,pamadegan
argumen,pandapat
arifin,aripin
arifin,jelema arip
arifin,jelema pinter
aristokrat,aristokrat
aristoteles,aristoteles
arizona,arizona
arjuna,arjuna
arkeolog,arkeolog
arkeologi,arkeologi
arkeologis,arkeologis
arktik,arktik
armada,armada
aroma,bau
aroma,wawangian
arsenal,arsenal
arsip,kumpulan
arsitek,arsitek
arsitektur,arsitektur
arsitekturnya,arsitekturna
artefak,artefak
arteri,arteri
arthropoda,artropoda
arti,arti
arti,harti
arti,hartos
arti,maksud
artikel,serat
artikel,tulisan
artikel,warta
artikelnya,artikelna
artikulasi,sora
artinya,artina
artinya,hartina
artinya,hartosna
artinya,maksudna
artis,artis
artistik,artistik
arus,aliran
arus,arus
arwah,arwah
arwah,roh
arya,ajã©naneun
arya,hormateun
asa,harepan
asa,pangharepan
asahan,pangasahan
asal,asal
asal,mimiti
asalkan,asalkan
asalnya,asalna
asalnya,mimitina
asam,hasem
asam,haseum
asap,haseup
asap,kebul
asap,saab
asas,dalih
asas,dasar
asas,jejerna carita
asasi,asasi
asean,asean
aset,kabeungharan
aset,modal
asia,asia
asian,asian
asin,asin
asin,pangsã©t
asinan,asinan
asing,asing
asing,deungeun
asisten,pangbantu
asli,nyaan
aslinya,aslina
aslinya,aslinya
asma,bengã©k
asma,mengi
asma,ngaran
asmara,asmara
asmara,bogoh
asmara,kasmaran
aso,ngaso
asongan,asongan
asongan,tã©mbongan
asosiasi,paguyuban
aspek,aspék
aspirasi,aspirasi
aspirin,aspirin
asrama,asrama
asri,asri
astaga,astagpirullah
astaga,euleuh
asteroid,asteroid
astronom,astronom
astronomi,astronomi
asuhan,budak nu diasuh
asuhan,miara
asuhan,ngasuh
asumsi,sangkaan
asuransi,asuransi
atap,hateup
atap,suhunan
atapnya,hateupna
atapnya,suhunanna
atas,luhur
atasnya,luhureun
atau,atanapi
atau,atawa
ataupun,atanapi
ataupun,atawa
atlantik,atlantik
atlas,atlas
atlet,atlet
atlet,atlit
atletik,atletik
atlit,atlit
atmosfer,atmosfer
atom,atom
atraksi,atraksi
atribut,atribut
atrium,atrium
atuaran,aturan
atur,ngatur
aturan,aturan
audio,audio
audisi,audisi
audit,audit
auditorium,auditorium
augusta,augusta
aula,aula
aulia,aulia
australia,australia
austria,austria
awak,awak
awak,badan
awak,salira
awal,awit
awal,mimiti 
awalan,awit
awalan,dimimitian 
awalnya,awitna
awalnya,mimitina
awam,awam
awam,jelema biasa
awam,umum
awan,mã©ga
awang,awang
awas,awas
awas,kadã©
awasi,ditalingakeun
awasi,dititã©nan
ayah,bapa
ayahnya,bapana
ayahnya,ramana
ayam,hayam
ayat,ayat
ayo,hayu
ayolah,hayu atuh
ayu,geulis
ayunan,aayunan
ayunan,ayunan
azan,azan
azimut,azimut
aziz,aziz
bab,bab
babak,babak
babat,angen kadut
babat,babat
babi,bagong
baca,maca
baca,maos
bacaan,bacaan
bacaan,maosan
bacakan,macakeun
bacakan,maoskeun
bacang,bacang
badai,badai
badai,ribut
badak,badak
badan,awak
badan,salira
badannya,awakna
badannya,salirana
badminton,badminton
badui,baduy
badut,badut
bagai,jiga
bagai,siga
bagaimana,kumaha
bagaimanapun,kumaha ogé
bagan,bagan
bagan,skã©ma
bagan,susunan
bagas,bagas
bagi,jang
bagi,kanggo
bagi,pikeun
bagian,sawareh
bagian,wareh
baginda,kangjeng
baginya,jang manã©hna
baginya,kanggo anjeunna
baginya,pikeun anjeunna
baginya,pikeun manéhna
bagus,alus
bagus,hadã©
bagus,saã©
bahagia,bagja
bahagia,bungah
bahan,bahan
bahana,gema
bahana,sora tarik
bahannya,bahanna
bahari,bahari
bahari,palaut
bahasa,basa
bahasan,bahasan
bahasan,pedaran
bahasanya,bahasana
bahasanya,basana
bahaya,bahaya
bahaya,baya / bahya
bahaya,picilakaeun
bahaya,pisusaheun
bahkan,komo
bahrain,bahrain
bahu,taktak
bahwa,yã©n
bahwasanya,yã©n
baik,alus
baik,hadã©
baiklah,mangga
baiklah,muhun
baiknya,alusna
baiknya,hadã©na
bait,pada
baja,malela
bajak,bajak
bajingan,bã©lã©gug
bajingan,goblog
baju,acuk
bajunya,acukna
bajunya,pakéanna
bajunya,raksukanna
bakal,arã©k
bakal,badã©
bakar,beuleum
bakar,ngaduruk
bakat,bakat
bakat,kudrat
bakat,sipat
bakat,watek
bakatnya,bakatna
bakatnya,kudratna
bakatnya,sipatna
bakatnya,watekna
bakau,bakau
baki,baki
baki,banã©ja
bakmi,bakmi
bakpao,bakpao
bakso,bakso
bakteri,bakteri
bakti,bakti
bakti,baktos
baku,lulugu
bakunya,bakuna
bakunya,biasa-biasana
bakunya,kabiasaanna
bakunya,pangpangna
bakwan,bala-bala
balap,balap
balapan,balapan
balapan,ngabalap
balas,bales
balas,wales
balas,walon
balasan,balesan
balasan,walesan
balasan,walonan
balet,balet
bali,bali
balik,balik
balik,mulang
balik,mulih
balik,wangsul
balkon,balkon
balkon,gagandok
balok,balok
balok,bulukan 
balok,catang
balok,dolek
balun,balut
balun,bulen
balun,bungkus
balut,balun
balut,bulen
balut,bungkus
bambang,bambang
bambu,awi
bambu,bitung
bambu,gombong
bambu,tamiang
ban,ban
band,ben
bandang,bandang
bandar,bandar
bandara,bandara
banding,banding
bandit,bandit
bando,bando
bandung,bandung
bang,akang
bang,beureum
bang,kang
bangau,bango
bangga,agul
bangga,reueus
bangkai,bangkai
bangkai,bangkã©
bangkai,bugang
bangkai,wangkay
bangkit,naék
bangkit,ngadeg
bangkok,bangkok 
bangkrut,bangkrut
bangku,korsi
bangladesh,bangladesh
bangsa,bangsa
bangsal,bangsal
bangsanya,bangsana
bangsawan,bangsawan
bangun,gugah
bangun,ngadeg
bangunan,bangunan
bangunan,wangunan
banjar,banjar
banjaran,banjaran
banjarmasin,banjarmasin
banjir,caah
bank,bank
bantal,anggel
banteng,andaka
banteng,bantã©ng
banting,babã©t
banting,banting
bantu,tulung
bantuan,bantuan
banyak,loba
banyak,seueur
banyaknya,lolobana
banyaknya,seuseueurna
banyumas,banyumas
banyuwangi,banyuwangi
bapa,abah
bapa,apa
bapak,abah
bapak,apa
bapak,bapa
bapaknya,abahna
bapaknya,bapana
bapaknya,ramana
bappenas,bappenas
baptis,baptis
bara,burahay
barang,barang
barang,wanda
barat,kulon
baring,ngagolã©r
baris,baris
baris,jajar
baris,rã©ndã©ng
barisan,barisan
barisan,jajaran
barisan,rã©ndã©ngan
baru,anyar
baru,weuteuh
baru,ã©nggal
barulah,anyar
barunya,anyarna
barunya,weuteuhna
barunya,ã©nggalna
barus,barus
barus,kamper
basah,baseuh
basah,basuh
basah,wasuh
basi,bari
basi,basi
basi,tengi
basis,dasar
basis,pademã©n
basis,taneuh
basket,basket
basuh,basuh
basuh,wasuh
bata,bata
batang,catang
batangan,batangan
batangnya,gagang 
batara,dã©wa
batas,batas
batasnya,watesna
baterai,batrã©
batik,batik
batin,sanubari
batu,batu
batubara,batubara
batuk,bantuk
batuk,batuk
batuk,gohgoy
bau,bau
baunya,bangseng
baunya,bauna
bawa,bantun
bawa,candak
bawa,jayak
bawa,mawa
bawah,handap
bawahan,handapeun
bawahnya,handapeun
bawahnya,handapna
bawang,bawang
bayam,bayem
bayangan,kalangkang
bayangkan,diwangwang
bayangkan,ngabayangkeun
bayar,mayar
bayar,taur
bayaran,bayaran
bayaran,ditaur
bayaran,pamayaran
bayi,orok
bayu,angin
bayu,wayu
bazar,bazar
bbm,bbm
beasiswa,béasiswa
beban,beungbeurat
bebas,bébas
bebas,leupas
beberapa,sababaraha
becak,bã©ca
beda,bã©nten
beda,béda
bedah,belã©k
bedanya,bã©ntenna
bedanya,bédana
begini,jiga kieu
begini,kos kieu
begitu,jiga kitu
begitu,kos kitu
begitulah,tah ã©ta
begitulah,ã©ta pisan
begitupun,kitu ogã©
begitupun,kos kitu
beijing,beijing
bejana,bejana
bekas,sã©sa
bekas,tapak
bekas,tilas
bekas,urut
bekasi,bekasi
bekerja,damel
bekerja,gawã©
bel,bã©l
belah,beulah
belah,palebah
belahan,beubeulahan
belahan,beulahan
belahan,sabeulah
belajar,diajar
belakang,pengker
belakang,tukang
belakangan,pandeuri
belakangan,pengkereun
belakangan,tukangeun
belakangnya,pengkerna
belakangnya,tukangna
belalang,simeut
belanda,walanda
beli,meuli
beli,mã©sã©r
beliau,anjeun
beliau,anjeunna
beliau,manã©h
beliau,manã©hna
belitung,belitung
belok,pã©ngkol
belum,acan
belum,teu acan
belum,éncan
benang,bola
benar,bener
benar,leres
benarkah,bener teu
benarkah,leres teu
bencana,musibah
benci,ceuceub
benci,keuheul
benci,ngã©wa
benci,sebel
benda,barang
bendahara,bendahara
bendera,bendera
benderanya,benderana
bendungan,waduk
bengawan,walungan
bengkak,bareuh
bengkel,bengkel
bengkulu,bengkulu
benih,biji
benih,siki
bensin,bã©ngsin
benteng,bã©ntã©ng
bentuk,mangrupa
bentuknya,bentukna
bentuknya,wangunna
benua,banua
berabad,barabad
berada,ayana
berada,beradat
beradaptasi,nyaluyukéun
beradat,beradat
beradik,adina
beradik,dulur
beradu,gelut
beragam,baragam
beragama,beragama
berair,caian
berakal,berakal
berakhir, anggeus
berakhir,rengse
berakhir,tungtung
berakhlak,moral
berakibat,gabalukarkeun
beraktivitas,beraktipitas
beralamat,ditujukeun
beralamat,padumukan
beralamat,panganjrekan
beralasan,alatan
beralasan,lantaran
beralasan,nalar
beralih,beralih
beralih,ngalih
beraliran,aliran
beralkohol,beralkohol
beranak,babar
beranak,ngajuru
beranak,ngalahirkéun
beranak,ngowo
beraneka,rupa-rupa
beraneka,rupi-rupi
berangan,ngahuleng
beranggotakan,kaanggotaan
berangin,angin-anginan
berangkat,angkat
berangkat,indit
berangkat,mangkat
berangkat,mios
berani,wani
berani,wantun
beranjak,indit
beranjak,jengkar
beranjak,mangkat
beranjak,miang
berantai,ngaruntuy
berapa,sabaraha
berapi,seuneu
beraroma,bau
berarti,bararti
berarti,kukituna
beras,bã©as
berasa,karasa
berasal,asalna
berasal,kawitna
berat,abot
berat,béurat
beratap,hatep
beratap,suhunan
beratnya,aboteun
beratnya,béuratna
beratus,mangratus-ratus
berawal,mimiti
berawal,ngawitan
berawan,berawan
berbadan,awakan
berbagai,rupa-rupa
berbagai,rupi-rupi
berbagi,mã©rã©
berbagi,ngabagi
berbahan,bahanna
berbahan,lawonna
berbahasa,bahasana
berbahaya,bahaya
berbahaya,baya
berbahaya,picilakaeun
berbahaya,pisusaheun
berbaju,acuk
berbaju,pakéanana
berbaju,raksukan
berbakat,berbakat
berbalas,ngabalas
berbalas,silih bales
berbalas,silih wales
berbalik,malik
berbalik,ngabalik
berbanding,bandingkeun
berbasis,ngabasis
berbatasan,diwatesanan
berbatasan,wates
berbaur,ngabaur
berbaur,ngahiji
berbeda,bã©nten
berbeda,béda
berbentuk,ngawangun
berbentuk,wangunna
berbicara,ngomong
berbicara,nyarios
berbincang,cumarita
berbincang,ngawangkong
berbincang,omongan 
berbintang,berbintang
berbintang,bã©ntang
berbisa,peurahan
berbisnis,babalantik
berbohong,ngabohong
berbohong,ngarahul
berbohong,ngawadul
berbuah,buahan
berbuat,jieun
berbuat,ngadamel
berbuat,nyieun
berbudaya,ngabudaya
berbukit,pasir
berbumbu,bumbuna
berbunga,kembangan
berbunyi,soraan
berburu,moro
bercabang,nyabang
bercahaya,cahya
bercahaya,sinar
bercahaya,sorot
bercampur,kaaduk
bercampur,kacampur
bercampur,ngahiji
bercanda,bobodoran
bercanda,ngabodor
bercerai,pirak
bercerita,cumarita
bercerita,ngawangkong
bercerita,nyarita
bercinta,kabogohan
bercumbu,bobogohan
berdagang,dagang
berdakwah,dakwah
berdampingan,ngarã©ndã©ng
berdampingan,pasisi-sisi
berdarah,getihan
berdasar,dasarna
berdasarkan,dumasar
berdaun,daunan
berdebat,debat 
berdekatan,deukeut
berdekatan,padeukeut
berdesakan,pagegelek
berdesakan,pasesedek
berdesakan,paseselek
berdiam,cicing
berdiam,jempã©
berdiam,rã©pã©h
berdiameter,diameterna
berdinas,dinas
berdiri,nangtung
berdiri,ngadeg
berdirinya,nangtungna
berdirinya,ngadegna
berdoa,ngadoa
berdoa,ngadu'a
berdua,duaan
berdurasi,durasina
berdurasi,lamina
berdurasi,lilana
berduri,cucukan
bereaksi,polahna
bereaksi,rã©aksina
beredar,ngider
beredar,nguriling
berenang,ngojay
berencana,direncanakeun
beresiko,rã©sikona
berfikir,mikir
berfokus,pokusna
berfungsi,fungsina
bergabung,gabung
bergantian,gonta-ganti
bergantung,ngagantung 
bergelut,papuket
bergerak,usik
berguna,kapaké
bergurau,bacanda
bergurau,ngabodor
berguru,diajar
berhadapan,pahareup-hareup
berhak,kedah
berharap,piharep
berharga,berharga
berhasil,junun
berhenti,eureun
berhubungan,patalina
beri,mã©rã©
berikan,mã©rã©keun
berikut,diantarana
berikutnya,salajengna
beriman,beriman
berisi,eusian
berisikan,eusian
berita,warta
beritahu,ngabejaan
berjalan,leumpang
berjanji,jangji
berjauhan,patebih
berjualan,dagang
berjuang,bajoang
berkabar,ngabarkeun
berkah,berkah
berkarir,karir
berkas,berkas
berkata,ngomong
berkawan,babaturan
berkeadilan,kadilan
berkeinginan,kahayang
berkekuatan,kakiatan
berkelahi,tarung
berkelebihan,kaseuran
berkeluarga,keluarga
berkemampuan,berkamampuan
berkembang,ngembang
berkembangnya,mekarna
berkenalan,kenalkeun
berkerumun,balaréa
berkesimpulan,kesimpulanna
berketombe,ketombe
berketurunan,katurunan
berkiprah,berkiprah
berkuasa,kakuwasa
berkumpul,kempel
berkunjung,berkunjung
berkurang,ngirangan
berlakunya,kalakuana
berlanjut,diteraskeun
berlari,lumpat
berlebih,langkung
berlebihan,kalangkungan
berlian,berlian
berlibur,berlibur
berlima,limaan
berlimpah,ngalimpah
berlindung,ngiuhan
berlipat,ngalipet
berlisensi,salisih
berlokasi,enggon
berlomba,pasanggiri
berlubang,liang
bermain,ulin
bermalam,ngawengi
bermanfaat,mangpaat
bermotor,momotoran
bermukim,cicingna
bermula,mimitina
bernafas,napas
bernama,ngaranna
berniat,boga niat
bernilai,ajã©n
bernomor,nomorna
bernyanyi,ngawih
beroperasi,"operasi
"
berpacaran,bobogohan
berpacu,berpacu
berpakaian,anggoan
berpasangan,sasarengan
berpegang,cecepengan
berpendapat,boga pamadegan
berpendidikan,atikan
berpenduduk,nu nyicingan
berpengaruh,berpengaruh
berpengaruh,boga pengaruh
berperang,gelud
berperang,perang
berpikir,mikir
berpindah,pindah
berpisah,papisah
berpolitik,pulitik
berposisi,kalungguhan
berprestasi,prestasi
berpuasa,saum
berputar,muter
bersahabat,sobat dalit
bersaing,nyaing
bersalah,kaliru
bersalaman,sasalaman
bersama,babarengan
bersamanya,babarengan
bersandar,bersandar
bersatu,ngahiji
bersaudara,dulur
bersaudara,wargi
bersebelahan,sabelahan
bersejarah,sajarah
bersekolah,sakola
bersemangat,sémangat
bersembunyi,nyumput
bersiap,bersiap
bersih,resik
bersikap,paripolah
bersin,bersin
bersuami,gaduh carogã©
bersuku,suku
bersumpah,bersumpah
bersurat,bersurat
bersyukur,bersukur
bertahan,netep
bertambah,nambahan
bertambahnya,nambahanna
bertamu,namu
bertanda,nandaan
bertangga,tatanggaan
bertanggungjawab,tanggeng waler
bertani,tatanã©n
bertanya,naros
bertarung,gelut
bertatapan,papayun-payun
bertekad,bertekad
bertelur,bertelor
bertelur,nujun gendog
bertemu,papendak
bertenaga,tanagaan
bertengkar,pasea
bertentangan,sabalikna
bertepatan,katepatan
berteriak,ceuceuleuweungan
bertiga,tiluan
bertugas,keur tugas
bertujuan,tujuanana
bertukar,patuker
bertumpuk,katumpuk
beruang,beruang
beruang,biruang
berubah,robah
berukuran,ngurangan
berulang,kaulang
berumur,sepuh
beruntung,nanjung 
berupa,mangrupa
berupaya,narékahan
berusaha,usaha
berusia,umurna
berwarna,warnana
besar,ageung
besarnya,agengna
besi,beusi
besok,isukan
betina,bikang
betul,leres
biar,kajen
biarkan,ingkeun
biarkan,keun wae
biarpun,sawios
biasa,biasa
biasanya,biasana
biaya,bayareun
biayanya,biayana
bicara,ngomong
bicara,nyarios
bicarakan,nyarioskeun
bicarakan,omongkeun
bicaranya,nyariosna
bicaranya,omongna
bidadari,bidadari
biji,siki
biksu,biksu
biksu,wiku
binatang,sato
bingung,lieur
bintang,bentang
biola,biola
bir,bir
biru,bulao
biru,paul
bisa,tiasa
bisakah,tiasakan
biskuit,kuã©h
bisnis,bisnis
bisnis,usaha
bisu,pireu
bius,bius
blok,blok
bocah,budak
bocah,murangkalih
bodoh,belegug
bodoh,boloho
bohong,ngabohong
bohong,wadul
bola,bal
boleh,kaci
boleh,kenging
boleh,meunang
bom,bom
bonus,bonus
bonus,tambahan
borgol,blenggu
borgol,borgol
bos,dunungan
bos,juragan
bos,pingpininan
botol,botol
buah,buah
buahnya,buahna
buang,piceun
buat,ngadamel
buat,ngajieun
buatan,jieunan
buaya,buhaya
bubuk,bubuk
bubur,bubur
budak,pagawã©
budaya,budaya
budayanya,budayana
buddha,buddha
budiman,budiman
bujang,lajang
bujangan,jajaka
bujangan,lalaki
buka,muka
bukan,hentéu
bukan,lain
bukan,sanes
bukannya,lainna
bukit,gugunungan
bukti,buktos
buktinya,buktina
buku,buku
bukunya,bukuna
bulan,bulan
bulan,sasih
bulat,buled
bulu,bulu
bulunya,buluna
bumbu,samara
bumbunya,samarana
bumi,dunya
bunda,ema
bunda,ibu
bunda,indung
bundar,bundar
bunga,kembang
bunganya,kembang eta
bungkus,bulen
bungkus,mulen
bungkus,mungkus
bungsu,bontot
buntu,buntu
bunuh,paehan
bunut,ekor
bunyi,sora
buruh,kuli
buruk,awon
buruk,goreng
buruk,jore
burung,manuk
bus,beus
busur,busur
busur,gandã©wa
cabai,cengek
cabe,cabã©
cacar,kuris
cacing,cacing
cadangan,sã©rep
cahaya,cahya
cahayanya,cahayana
cair,cair
cakar,kaut
calon,calon
cambuk,pecut
campur,campur
campuran,nyacampurkéun
canggih,canggih
cantik,geulis
cap,cap
cap,setã©mpel
cara,cara
caranya,carana
cari,milari
cari,teang
cat,cã©t
catatan,catetan
catatan,seratan
catur,catur
cawan,basi
cawan,mangkok
cek,cek
celaka,cilaka
celana,calana
celana,lancingan
cemburu,timburu
cepat,enggal
cepat,gancang
cepat,tereh
cepatlah,enggalkeun
cepatlah,geuwat
cepatlah,terehkeun
cepatnya,saenggalna
cepatnya,sagancangna
cerdas,calakan
ceria,marahmay
cerita,carios
cerita,carita
cerita,talatah
ceritakan,nyaritakeun
ceritanya,caritana
cermin,eunteung
cermin,kaca
cetak,citak
cetakan,citakan
cewek,awewe
cewek,istri
cewek,mojang
cicil,cicil
cincin,ali
cincin,cingcin
cincin,lã©lã©pã©n
cinta,asih
cinta,duriat
cinta,nyaah
cintanya,asihna
cipta,pancipta
ciptaan,jieunan
ciptaannya,ciptaanana
ciri,ciri
cirinya,cirina
cita,cita
cita,encit
ciuman,sun
coba,nyoba
coba,nyobian
cocok,cocog
cokelat,coklat
coklat,coklat
colok,nyolok
contoh,conto
contohnya,contona
cowok,jajaka
cowok,lalaki
cuaca,hawa
cuci,nyeuseuh
cukup,cekap
cukup,cukup
dada,harigu
daerah,wewengkon
daftar,daptar
daging,daging
dahulu,baheula
dahulu,bareto
dahulu,kapungkur
dahulunya,baheulana
dahulunya,baretona
dahulunya,kapungkurna
dalam,jero
dalamnya,di jero
dampak,pangaruh
dan,jeung
dan,sareng
dana,duit
dana,harta
danau,situ
danau,talaga
dansa,dangsa
dapat,kenging
dapat,meunang
dapatkan,meunangkeun
dapatkan,ngengingkeun
dapur,dapur
dapur,pawon
darah,getih
darahnya,getihna
darat,darat
daratan,daratan
dari,ti
darinya,ti manehna
daripada,batan
dasar,dasar
dasarnya,dasarna
data,data
datang,datang
datangnya,datangna
datar,cã©pã©r
daun,daun
daun,kalakay
daya,kakuatan
dayung,bosã©h
dayung,dayung
dayung,welã©h
debat,debat
debat,sawala
debu,kebul
dekade,dã©kadeu
dekat,deukeut
dekatnya,di deukeutna
dekorasi,papantas
delapan,dalapan
delta,delta
delta,muara
demam,muriang
demam,nyenyepan
demokrasi,emok
demokrat,demokrat
denah,denah
denda,dengda
dendam,dengdem
dengan,sareng 
denganmu,sareng anjeun
dengannya,sarengna
dengar,denge
dengarkan,dengekeun
denyut,denyut
depan,hareup
departemen,bagã©an
depresi,gélo
deputi,dã©puti
derajat,darajat
derek,dã©rã©k
dering,ngirining
dermawan,balabah
desa,lembur
deskripsi,dã©skripsi
detik,detik
dewa,sanghyang
dewan,wawakil
dewasa,sawawa
di,di
dia,anjeuna
dia,manã©hna
diabaikan,teu malire
diabetes,diabã©tes
diadakan,diayakeun
diadakannya,diayakeunana
diaduk,dikocek
diajak,diajak
diajari,diajarkeun
diakhiri,dipungkas
diaktifkan,dihidupkeun
dialami,ngalaman
dialaminya,diraoskeun
dialaminya,dirasakeun
dialog,paguneman
diam,calik
diam,cicing
diambil,dibantun
diambil,dicandak
diamlah,cicing atuh
diamlah,ngajedog
diancam,diancem
dianggap,dianggap
diangkat,diangkat
diangkut,dicandak
diangkut,ngunjalan
diartikan,diartikeun
diatas,dihandap
diatasi,ditungkulan
diatur,diatur
diawasi,diawaskéun
dibaca,dibaca
dibacakan,dibacakéun
dibagi,dibagi
dibagikan,dibagikéun
dibakar,dibeulem
dibantai,diwangun 
dibatalkan,dibatalkeun
diberi,dibã©rã©
diberi,dipasihan
diberikan,dibikeun
diberikan,dipasihkeun
dibersihkan,dibersihkeun
dibesarkan,digedekeun
dibiayai,dibayaran
dibicarakan,dicarioskeun
dibicarakan,diomongkeun
dibilang,dietang
dibolehkan,kaci
dibongkar,dioreg
dibongkar,dirakrak
dibuang,dipicéun
dibuat,dijieun
dibuatkan,dijieunkeun
dibunuh,dipaehan
dibunuh,dipodaran
diburu,diboro
dibutuhkan,diperyogikeun
dicampur,digalokeun
dicari,dipilari
dicari,diteang
dicatat,dicatet
diceritakan,diomongkeun
diciptakan,diciptakeun
dicuci,dikumbah
didahului,dipiheulaan
didalamnya,dijerona
didapat,meunang
didapati,dibeunangkeun
didapatkan,dibeunangkeun
didatangi,didatangan
didatangi,disumpingan
didengar,didenge
didengar,dikuping
didengarkan,didengekeun
didengarkan,dikupingkeun
didokumentasikan,didokuméntasikeun
diduduki,didiukkan
diet,diit
diganti,digentos
digantikan,digantikeun
digantikan,digentoskeun
digelar,dilaksanakeun
dihabiskan,dibã©akeun
dihabiskan,diseepkeun
dihabiskan,disã©ã©pkeun
dihancurkan,diancurekeun
dihapus,dipupus
dihapuskan,dileungitkeun
dihapuskan,dipiceun
diharapkan,diharepkeun
dihargai,dihargaan
diharuskan,ngedahkeun
diharuskan,ngudukeun
dihasilkan,dihasilkeun
dihasilkannya,dihasilkeunna
dihasut,dihasud
dihentikan,dieureunkeun
dihias,dipapaesan
dihiasi,dipapaesan
dihidangkan,disuguhkeun
dihidupkan,dihirupkeun
dihitung,dietang
dihitung,diitung
dihormati,dipihormat
dihubungkan,disambungkeun
dihuni,dicicingan
diikat,ditalian
diikuti,dituturkeun
diingat,diã©mut
diinginkan,dipikahayang
diinginkan,dipikahoyong
diinginkannya,dipikahayang
diinginkannya,dipikahoyong
diisi,diisian
diizinkan,diwidian
dijadikan,dijantenkeun
dijalankan,dijalankeun
dijanjikan,dijangjikeun
dijatuhi,dihukum
dijelaskan,dijelaskeun
dijodohkan,dijodokeun
dijual,diical
dijuluki,dilandih
dijumlahkan,ditambihkeun
dijumpai,ditepangan
dijumpai,ditepungan
dikabarkan,dibejakeun
dikabarkan,diwartoskeun
dikalahkan,diã©lã©hkeun
dikatakan,disebutkeun
dikelilingi,dikuriling
dikelola,dikalola
dikelola,dikokola
dikelompokkan,dijumplukeun
dikeluarkan,dikaluarkeun
dikeluarkannya,dikaluarkeunana
dikemas,dibungkus
dikembalikan,diuihkeun
dikenakan,diwanohkeun
dikenal,dipikawanoh
dikendalikan,dikawasa
dikeringkan,digaringkeun
dikerjakan,didamelkeun
dikerjakan,dipigawe
dikerjakannya,didamelkeunna
dikerjakannya,dipigawe
diketahui,dipikanyaho
diketahui,terang
diketuai,dipupuhuan
dikirim,dikintun
dikirimkan,dikintunkeun
dikirimkan,dikirimkeun
dikritik,dikaritik
dikuasai,dikawasana
dikukus,sepan
dikunjungi,didatangan
dikunjunginya,didatanganna
dikurangi,dikurangan
dikuras,dibedahkeun
dilagukan,dilagukeun
dilahirkan,ngajuru
dilaksanakan,dilaksanakeun
dilakukan,dilakonan
dilakukannya,dilakonan
dilalui,diliwatan
dilancarkan,digampilkeun
dilancarkan,dilancarkeun
dilanjutkan,diteruskeun
dilaporkan,dilaporkeun
dilarang,dicaram
dilayani,dilayanan
dilepaskan,dileupas
diletakkan,ditunda
dilewati,diliwatan
dilihat,ditempo
dilindungi,ditangtayungan
dilipat,dilipet
dimainkan,dipamainkeun
dimakamkan,diastanakeun
dimakan,didahar
dimanfaatkan,di mangpaatkeun
dimasukkan,diasupkeun
dimenangkan,dikengingkeun
dimiliki,dipiboga
dimiliki,dipikagaduh
diminta,disuhunkeun
diminum,dieueut
dimodifikasi,dimodifikasi
dimulai,dikawitan
dimulai,dimimitian
dimulainya,dimimitianana
dimungkinkan,jigana
dinaikkan,ditaekeun
dinamai,dinamian
dinamai,dingaranan
dinamakan,dinamian
dinas,dines
dinding,tã©mbok
dingin,tiis
dinikahi,dinikahkeun
dinikmati,dirasakeun
dinilai,dipéuntén
dinyanyikan,dihaleangkeun
diobati,diubaran
diolah,diolah
dipahami,ngarti
dipakai,dipake
dipakainya,dipakena
dipaksa,kapaksa
dipanaskan,dihanetkeun
dipandang,ditempo
dipanen,dipanén
dipanggang,dibeulem
dipanggil,digeroan
dipangku,dipangku
dipantau,ditingalikeun
diparut,diparud
dipasang,dipasang
dipastikan,dipastikeun
dipecah,dibeulah
dipecat,dipegatkeun
dipegang,dicekel
dipegangnya,dicengpengna
dipelajari,diulik
dipelihara,diurus
dipenuhi,dipinuhan
diperbanyak,dilobaan
diperbanyak,diseueuran
dipercaya,dipercanten
dipercayai,dipercantenkeun
diperdebatkan,diparmasalahkeun
diperdengarkan,didengekeun
dipergunakan,dipaké
diperhatikan,nengetan
diperiksa,dipariksa
diperiksa,diparios
diperingati,diingetan
diperintah,dititah
diperintahkan,dipiwarang
diperjelas,diantebkeun
diperkenalkan,dikenalkeun
diperkirakan,diperkirakeun
diperkuat,dikuatkeun
diperkuat,diperkuatk
diperlihatkan,ditingalikeun
diperluas,dilegaan
diperlukan,diperlukeun
diperlukan,diperyogikeun
diperoleh,dikã©ngingkeun
diperoleh,dimeunangkeun
dipertemukan,diamprokeun
dipertemukan,ditepangkeun
dipertimbangkan,dipertimbangkeun
dipimpin,dipingpin
dipindahkan,dialihkeun
dipinjam,diinjeum
dipinjamkan,diinjeumkeun
dipisah,dipisah
dipisahkan,dipisahkeun
diproses,diprosés
dipukul,ditakol
dipunyai,dipiboga
diraih,dihontal
diraihnya,dihontalna
dirasakan,dirasakeun
dirayakan,dirayakeun
direbus,dikulub
direbut,diparebutkeun
direktur,pupuhu
direndam,dikeuem
direnovasi,disaean
diri,diri
diri,salira
dirikan,ngadegkeun
dirinya,dirina
disahkan,disahkeun
disalin,dicutat
disamakan,disamikeun
disampaikan,dipangnepikeun
disamping,digigir
disana,diditu
disapa,ditaros
disarankan,dibongbolongan
disebut,disebat
disebutkan,disebatkeun
disediakan,disadiakeun
diseduh,ditinyuh
disegani,dipikasieun
diselamatkan,disalametkeun
diselenggarakan,diayakeun
diselesaikan,dibereskeun
diselesaikan,direngsekeun
diserahkan,diserahkeun
disimpan,disimpen
disimpan,ditenddeun
disimpan,diteundeun
disinggahi,didatangan
disingkirkan,disingkahkeun
disini,didieu
disiplin,disiplin
diskusi,obrolan
diskusi,sawala
disuapi,dihuapan
disukai,dipikaresep
disuruh,dipiwarang
disuruh,dititah
disusul,disusul
disusun,disusun
ditakuti,dipikasieun
ditambah,ditambih
ditambahkan,ditambahkeun
ditampilkan,dipintonkeun
ditanam,dipelak
ditanami,dipelak
ditanamkan,dipelakeun
ditandai,dicirian
ditandatangani,ciri
ditandatangani,tawis
ditanya,ditanya
ditanya,ditaros
ditarik,didudut
ditarikan,didudutan
ditawari,ditawisan
ditebang,dituar
ditekan,ditenet
ditekankan,ditenetkeun
ditempati,ditempatan
ditempatkan,ditempatkeun
ditemui,dipanggihan
ditemui,dipendakan
ditemui,ditepungan
diterima,ditampi
diterima,ditarima
diteruskan,diteraskeun
ditinggalkan,dikantunkeun
ditinggalkan,ditinggakeun
ditinggikan,ditaekeun
ditolak,ditampik
ditolong,ditulungan
dituangkan,dicicikeun
ditukar,digentos
ditulis,diserat
ditulis,ditulis
dituliskan,diseratkeun
dituliskan,dituliskeun
ditulisnya,diseratna
ditulisnya,ditulisna
diturunkan,diturunkeun
ditusuk,ditojos
ditutup,ditutupan
diubah,dirobah
diuji,diuji
diumumkan,dibewarakeun
diundang,diondang
diusahakan,ditarekahan
diutus,diutus
diwakili,diwakilkeun
diwan,diwan
diwariskan,diwariskeun
diwarnai,diwarnaan
diwujudkan,dibuktikeun
diyakini,diyakinkeun
dll,jeung sajabina
dna,dna
doa,du'a
dokter,dokter
dokter,mantri
doktor,doktor
dokumen,berkas
dokumentasi,dokuméntasi
dokumenter,dokumenter
dolar,dolar
domba,embã©
domba,gibas
donat,donat
dongeng,carita
donor,mikeun
dorongan,di-surung
dorongan,surung
dosa,kalepatan
dosis,dosis
dosis,takaran
drama,carita sandiwara
drum,dreum
dua,dua
duanya,duana
duapuluh,duapuluh
duduk,calik
duduk,diuk
duduk,linggih
dugaan,kintenan
dugaan,sangkaan
dukun,'jelema pinter'
dukun,tukang ngajampe
dukung,dukung
dukungan,pangrojong
dulu,baheula
dulu,barã©to
duluan,tipayun
dulunya,baheulana
dulunya,baretona
dunia,dunya
durhaka,doraka
duri,cucuk
durian,kadu
duta,jelema perwakilan 
duyung,duyung
edisi,edisi
edisi,terbitan
efek,efek
egois,egois
ekor,buntut
ekor,kumpay
ekspedisi,lalampahan
ekspedisi,perjalanan
elang,heulang
emas,emas
ember,ã©mbã©r
emisi,émisi
empedu,empedu
empuk,hipu
enak,ngeunah
enam,genep
endapan,sédimén
endemik,endemik
endemis,endemis
energi,tanaga
ensiklopedia,énsiklopédia
entah,duka
entah,hénteu nyaho
entah,téuing
entahlah,duka atuh
episode,episode
erosi,erosi
erupsi,bitu
es,ã©s
esai,karangan
estetik,kaendahan
estetika,estetika
etika,tatakrama
fakta,kanyataan
faktor,faktor
fakultas,fakultas
fantasi,khayalan 
fase,babak
fasilitas,pasilitas
fatal,parah
favorit,nu di pikaresep
favorit,resep
federasi,organisasi
fiksi,bohong
fiksi,wadul
filem,pã©lem
film,pilem
firman,ucapan
fisika,fisika
fokus,junun
fokus,soson-soson
formasi,susunan
formula,rumus
formulir,formulir
foto,poto
fungsi,gunana
fungsi,kagunaan
fungsi,pungsi
gabungan,di-hiji-keun
gadai,gadã©
gading,gading
gading,sihung gajah
gadis,mojang
gagak,manuk gagak
gagal,burung
gagal,gagal
gagang,gagang
gagang,panyekelan
gagasan,ideu
gaib,gaib
gairah,kahayang
gairah,napsu
gajah,gajah
gaji,gaji
gaji,gajih
gaji,upah nu dibayarkeun
gak,henteu
gak,teu
galur,alur
galur,galur
galur,tapak
gambar,gambar
gambarnya,gambarna
gamelan,gamelan
games,kaulinan
gampang,babari
gampang,gampang
gampang,gampil
ganas,galak
gandum,gandum
gang,jalan leutik
gangga,gangga
gangguan,halangan
ganja,ganja
ganti,gentos
gantung,gantung
gantungan,gantungan
garam,uyah
garasi,garasi
garis,gurat
garpu,garpuh
garut,garut
gas,gas
gatal,ateul
gaun,acuk
gaya,gaya
gedung,bale
gelanggang,pakalangan
gelanggang,tempat
gelap,poék
gelas,gelas
gelembung,budah
gelombang,galura
gelombang,lambak
gempa,lindu
gempa,lini
gemuk,lintuh
generasi,generasi
generasi,seuweu-siwi
generasi,siwi
generasi,turunan
generator,generator
generator,jã©nsã©t
geng,gã©ng
geng,paguyuban
gerak,embut
gerak,galideur
gerak,oyag
gerak,usik
gerakan,gerakan
gerbang,gerbang
gerbang,lawang
gerbang,panto
gerbang,saketeng
gerbong,gerbong
gergaji,gobang
gergaji,ragaji
gerhana,peteng
germo,alku
germo,germo
gerobak,antol
gerobak,gorobag
gerobak,roda
getah,geutah
getaran,geteran
gigi,huntu
gigi,waos
gigitan,gégél
gila,gã©lo
giliran,giliran
giliran,piligenti
godaan,dodoja
godaan,doja
godaan,rongrong
gol,gul
golf,golep
golf,golp
golok,bedok
golongan,kalangan
goreng,ngagoreng
goresan,barã©d
goresan,gorã©tan
goresan,guratan
goresan,raca
got,kamalir
got,solokan
got,susukan
got,sã©lokan
grafik,grapik
gram,gram
granit,granit
gravitasi,gravitasi
grup,grup
grup,paguyuban
gua,guha
gubernur,gubernur
gudang,gudang
gugatan,gugatan
gugatan,purwadaksi
gula,aamis
gula,gula
gulat,galungan
gulat,gelut
gulungan,erol
gulungan,hambalang
guna,"nganggo, nganggã©"
guna,ngarah
guna,pakã©
guna,pikeun
guna,supados
gunakan,make
gunakan,nanggo
gunanya,makena
gunting,gunting
guntur,guludug
gunung,gunung
guru,guru
gurunya,guruna
habis,beak
habis,séép
hadiah,hadiah
hadiah,kado
hadir,ngahadiran 
hadir,nungkulan
hadir,sumping
hadirin,balarã©a
hadirin,hadirin
hadis,hadis
hak,hak
hakim,hakim
haknya,pamilikna
halaman,kaca
halamannya,halamanna
halangan,hahalang
halangan,harungan
halangan,wagel
halus,lemes
hama,hama
hamba,abdi
hamba,kuring
hamba,sewaka
hambatan,halangan
hambatan,harungan
hambatan,wagelan
hamil,reuneuh
hampir,ampir
hancur,ancur
hancurnya,ancurna
hangat,haneut
hantu,jurig
haram,haram
harap,harep
harapan,harepan
harga,harga
harga,hargi
harga,pangaos
harganya,hargana
hari,dinten
hari,poe
harimau,maung
harinya,poéna
harta,banda
harta,barana
harta,pakaya
harum,seungit
harus,kedah
harus,kudu
haruskah,kedah
haruskah,kudu
harusnya,kedahna
harusnya,kuduna
hasilnya,hasilna
hasrat,kahayang
hasrat,kahoyong
hasrat,kapalay
hasrat,napsu
hati,hate
hati,manah
hatinya,haténa
helikopter,hã©likopter
hendak,erek
hendak,eudeuk
hendak,rék
hentikan,eureunkeun
hewan,sato
hiasan,aguk
hiasan,gadik
hiasan,pataka
hiasan,pã©lã©t
hiburan,raramean
hidung,irung
hidung,pangambeu
hidung,pangambung
hidup,hirup
hijau,hejo
hilang,lesot
hilang,leungit
hitam,hideung
hitungan,itungan
hiu,hiu
hobi,kabeuki
hobi,karesep
hobi,langen
hormat,patuh
hotel,hotel
hubungan,pancakaki
hujan,hujan
hujan,silantang
hukum,hukum
hukuman,hukuman
hulu,wahangan
hulu,walungan
humor,banyol
humor,ocon
huruf,aksara
huruf,cacarakan
huruf,hurup
huruf,pegon
huruf,wianjana
hutan,leuweung
hutang,sambetan
iblis,iblis
iblis,setan
ibu,pun biang
ibumu,indung maneh
ibunya,indungna
ide,alpukah
ide,ideu
identitas,idã©ntitas
idiot,idiot
ijin,ijin
ikan,lauk
ikatan,beungkeutan
ikatan,sabebedan
iklan,pariwara
iklan,rã©klameu
iklim,hawa
iklim,iklim
iklim,usum
ikut,ngiring
ikuti,ngiringkeun
ilegal,henteu sah
ilegal,ilã©gal
ilegal,teu sah
ilmu,ã©lmu
ilmuwan,ã©lmuwan
ilusi,ilusi
imajinasi,imajinasi
imbalan,buburuh
imbalan,buruh
imbalan,honor
imbalan,pamales jasa
imigran,imigran
imigran,pendatang
imigrasi,imigrasi
impian,impi
impian,impian
impian,riwan
indah,endah
individu,nyalira
individu,sorangan
industri,industri
informan,inporman
informan,pawarta
informan,pawartos
informasi,warta
informasi,wawaran
ingatan,ingetan
ingatan,kaã©mutan
ingatan,ã©mutan
ingin,hayang
inginkan,hayang
ini,ieu
inilah,ieu lah
inisial,ciri
inisial,inisial
inisial,ngaran singket
insan,insani
insan,jalma
insan,jelema
insan,manusa
insiden,insiden
insiden,insidã©n
insiden,kajadian
inspektur,inspã©ktur
inspektur,mandor
inspektur,pamariksa
inspektur,pangawas
inspirasi,alpukah
inspirasi,ilham
inspirasi,inspirasi
instruksi,parã©ntah
instruksi,pituduh
instrumen,alat
instrumen,instrumã©n
instrumen,karawitan
instrumen,pakakas
internal, ti jero
internal,internal
internet,internet
inti,inti
inti,poko
inti,utama
inti,utami
invasi,invasi
investigasi,mariksa
investigasi,nalungtik
investigasi,pamariksaan
investigasi,talungtik
investor,invã©stor
investor,pamodal
ironis,hanjelu
ironis,ironis
ironis,karunya
ironis,kingkin
isi,eusi
isinya,eusina
islam,islam
isolasi,isolasi
isolasi,nutup
isolasi,papisah
istana,karaton
istimewa,sae pisan
istirahat,istirahat
istirahat,minge
istri,pamajikan
istri,pun bojo
istrinya,pamajikanna
isu,bã©ja
isu,cenah
isu,gosip
isu,harã©wos
isu,ihwal
isyarat,isarat
isyarat,rindat
isyarat,tanda
isyarat,totondã©n
itu,eta
itu,itu
izin,widi
jabatan,jabatan
jabatan,kalungguhan
jadinya,jadina
jadinya,jantena
jadwal,agã©nda
jadwal,jadwal
jago,bisaan
jago,hã©bat
jago,jago
jago,jawara
jahe,jahé
jajanan,daharéun
jaket,jã©kã©t
jaksa,jaksa
jalan,jalan
jalan,mapah(jalan kaki)
jalanan,jalanan
jalani,ngajalnkeun
jalannya,jalana
jalur,jalur
jam,jam
jam,tabuh
jam,waktos
jaminan,jaminan
jaminan,tandon
janda,randa
jangan,teu kenging
jangan,ulah
jantung,hate
jantung,jajantung
jarak,anggang
jarak,jarak
jarang,jarang
jari,ramo
jaring,jaring
jaring,sair
jaringan,jaringan
jaringan,raramat
jarum,jarum
jasa,guna
jasa,jasa
jasa,mangpaat
jasad,awak
jasad,badan
jasad,mayit
jasad,raga
jasad,raraga
jasadnya,maitna
jatah,bagã©an
jatah,porsi
jati,jati
jatuh,geubis
jatuh,labuh
jatuhkan,labuhkéun
jatuhnya,labuhna
jauh,tebih
jawab,ngajawab
jawab,ngawaler
jawaban,waleran
jebakan,jebakan
jebakan,pamikat
jebakan,pitapak
jejak,tapak
jelaskan,jelaskéun
jelek,awon
jelek,goreng
jembatan,jambatan
jemur,moe
jendela,jandela
jenderal,jenderal
jendral,jendral
jendral,jã©ndral
jenis,rupi
jenius,binã©kas
jenius,jenius
jenius,pinter pisan
jerami,jarami
jerami,jukut garing
jernih,beresih
jernih,hã©rang
jernihnya, herangna
jet,jã¨t
jika,lamun
jika,manawi
jimat,jimat
jimat,rajah
jin,jin
jiwa,jiwa
juara,jawara
juara,kampiun
judi,judi
judul,judul
judulnya,judulna
juga,oge
jujur,jujur
julukan,jujuluk
julukan,landian
julukan,landihan
julukan,sebutan
jumlah,jumlah
jumlahnya,jumlahna
jumpa,panggih
jumpa,pendak
juni,juni
jurang,jungkrang
jurang,jurang
juri,juri
jurnal,jurnal
jurnalis,wartawan
jurusan,jurusan
jus,jus
kabar,bã©ja
kabar,larap
kabar,larapan
kabar,wartos
kabarnya,béjana
kabel,kabel
kabur,rumeuk
kaca,eunteung
kaca,kaca
kacamata,tasma
kacang,kacang
kacang,suuk
kadal,kadal
kadar,kadar
kadar,titis-tulis
kafe,kafe
kain,kaen
kain,lawon
kain,sinjang
kaisar,kaisar
kaisar,raja
kakak,aa
kakak,aceuk
kakak,lanceuk
kakak,raka
kakak,tã©tã©h
kakaknya,lancéukna
kakek,aki
kakeknya,akina
kaki,cokor
kaki,dampal
kaki,sampean
kaki,suku
kakinya,sampeanna
kakinya,sukuna
kaku,reged
kala,wanci
kalah,kawon
kalah,éléh
kalender,penanggalan
kali,walungan
kalimat,kalimah
kalimat,ungkara
kalkun,kalkun
kalung,kongkorong
kamar,kamar
kamar,kobong
kamar,pangkeng
kambing,embã©
kamera,kamera
kamis,kemis
kampung,lembur
kampungnya,lemburna
kampus,kampus
kamu,anjeun
kamu,maneh
kamu,salira
kanan,katuhu
kancing,kancing
kandang,kandang
kandang,paranje
kandidat,calon
kandung,kaeusi
kandung,kandung
kandungan,kandungan
kandungan,rahim
kanker,kanker
kantin,kantin
kantong,kantong
kantong,pesak
kantor,kantor
kantor,loji
kantung,kantong
kapak,baliung
kapak,kampak
kapal,kapal
kapalnya,kapalna
kapan,iraha
kapas,boeh
kapas,kapas
kapsul,kapsul
kapten,kapten
kapur,apu
kapur,kapur
karakter,sipat
karang,karang
karantina,karantina
karate,karate
karbon,karbon
karena,lantaran
karenanya,lantaran éta
karet,karet
kargo,kargo
kargo,momotan
karier,karir
kariernya,karirna
karir,karir
karnaval,karnapal
kartu,kartu
kartun,kartun
karung,kadut
karung,karung
karunia,kurnia
karya,karya
karyanya,ciptaana
karyawan,pagawe
kas,kas
kasar,kasar
kaset,kaset
kasih,kanyaah
kasih,layeut
kasih,meumeut
kasir,gasir
kasur,kasur
kasus,kasus
kasus,perkara
kasus,perkawis
kata,ceuk
kata,kecap
katakan,sebutkeun
katanya,ceunah
kategori,macem
kategori,rupa
katolik,katolik
kau,anjeun
kau,manã©h
kau,sia
kau,silaing
kaum,kaum
kawan,batur
kawanan,kawanan
kawannya,baturna
kawasan,wewengkon
kayu,kai
ke,ka
keadaan,kaayaan
keadilan,kaadilan
keagamaan,kaagamaan
keanggotaan,anggotana
kebahagiaan,kabagjaan
kebaikan,kasaean
kebajikan,kaalusan
kebajikan,kahadã©an
kebakaran,kahuruan
kebangsaan,kabangsaan
kebanyakan,kaleuwihan
kebebasan,kabã©basan
kebenarannya,sabenarna
kebencian,ceuceub
kebencian,mikangã©wa
kebencian,ngã©wa
keberadaan,kaayaan
keberanian,kawani
keberatan,kaabotan
keberatan,kabeuratan
keberhasilan,kabersihan
kebersihan,bersih
kebetulan,kabeneran
kebiasaan,adat
kebiasaan,kabiasaan
kebisingan,kagandã©ngan
kebudayaan,kabudayaan
kebun,kebon
kebutuhan,kabutuhan
kebutuhan,kaperluan
kecamatan,kecamatan
kecap,kecap
kecelakaan,kacilakaan
kecepatan,enggal
kecewa,kuciwana
kecil,alit
kecilnya,leutikna
kecuali,iwal
kecurigaan,kacurigaan
kedai,toko
kedamaian,katentreman
kedatangan,kasumpingan
kedaulatan,kedaulatan
kedelapan,kadalapan
kediaman,panyicingan
kediaman,rorompok
kedinasan,kadinasan
kedokteran,kadokteran
kedokteran,medis
kedondong,kadongdong
kedua,kadua
keduanya,kaduana
kedudukan,kalungguhan
kedutaan,kedutaan
keempat,kaopat
keenam,kagenep
kegagalan,kagagalan
kegembiraan,kaatoh
kegembiraan,kabingah
kegembiraan,kabungah
kegembiraan,kabungahan
kegembiraan,kagumbiraan
kegiatan,kagiatan
kehabisan,kabeakeun
kehabisan,kaseepkeun
kehadiran,datangna
kehancuran,kahancuran
kehancuran,ludes
kehangatan,kahaneutan
kehidupan,kahirupan
kehormatan,kahormatan
keinginan,kahayang
keinginan,kahoyong
kejadian,kajadian
kejadian,mangsa
kejahatan,kajahatan
keju,kiju
keju,kã©ju
kejujuran,kajujuran
kekaisaran,kakaisaran
kekasih,bebene
kekasih,kabogoh
kekuasaan,kakawasaan
kekurangan,kakirangan
keledai,bigal
kelemahan,kalemahan
kelihatan,katingal
kelihatannya,katingalna
kelinci,kelenci
keluarga,kulawarga
keluarga,kulawargi
kematian,pupusna
kematian,tiwasna
kematiannya,maotna
kemauan,kahoyong
kembali,uih
kembalikan,ngauihkeun
kembalinya,uihna
kemenangan,kameunangan
kemudi,kamudi
kemuliaan,kamuliaan
kemungkinan,kamungkinan
kenaikan,kanaekan
kenal,kenal
kenal,wanoh
kenal,wawuh
kenalan,kawanohan
kenangan,kenangan
kenapa,naha
kencan,kencan
kencang,gancang
kencang,tereh
kencing,kiih
kencing,papang
kendaraan,tutumpangan
kenegaraan,kanagaraan
kental,kentel
kentang,kumeli
kentut,bobos
kentut,hitut
kentut,puak
kenyataan,kanyataan
kenyataannya,kanyataanna
kepada,ka
kepadanya,ka manehna
kepadanya,kaanjeuna
kepahlawanan,kepahlawanan
kepala,hulu
kepala,mastaka
kepala,sirah
kepalanya,mastakana
kepalanya,sirahna
kepandaian,kasingeran
kepandaiannya,kasingeranna
kepemimpinan,kapamingpinan
kepemimpinannya,kapamingpinanna
kepentingan,kapentingan
kepenuhan,kapinuhan
kepercayaan,kapercayaan
kepercayaannya,kapercayaanna
kepolisian,kapulisian
keponakan,alo
kepulauan,kepulauan
keputusan,kaputusan
kerabat,baraya
kerabat,dulur
kerabat,karabat
kerabat,rerehan
kerabat,wedet
keraguan,kamangmang
keraguan,karaguan
kerajaan,karajaan
kerajaannya,karajaan
keranjang,carangka
keranjang,karanjang
keranjang,tolombong
keras,alot
keras,teuas
kerasnya,alotna
kerasnya,teuasna
kereta,karã©ta
kering,garing
keringat,kã©sang
keringat,luut-lã©ã©t
keringkan,garingkeun
kerja,gawã©
kerjakan,gawã©keun
kerjanya,gawã©na
kerjasama,gawã© bareng
kertas,keretas
kerugian,rugel
kerumunan,kumpulan
kerusakan,karusakan
kerusuhan,karusuhan
kesaksian,kasaksian
kesalahan,kalepatan
kesalahan,kasalahan
kesamaan,sami
kesamaan,sarua
kesana,kaditu 
kesatria,kasatria
kesatuan,kasatuan
kesayangan,kanyaah
kesedihan,kahanjelu
kesedihan,kasedihan
kesehatan,kaséhatan
kesehatannya,kaséhatanna
keselamatan,kasalametan
keseluruhan,sakabã©han
keseluruhannya,sakabã©hanna
kesembilan,kasalapan
kesempurnaan,kasampurnaan
kesenangan,senang
kesengsaraan,kasangsaraan
kesepakatan,kasepakatan
kesepian,ngarasa tiiseun
kesialan,kasialan
kesimpulan,kacindekan
kesimpulan,kasimpulan
kesulitan,kasulitan
ketemu,kapanggih
ketemu,katimu
ketemu,tepang
ketemu,tepung
keterangan,katerangan
ketiga,katilu
ketiganya,katiluna
ketinggian,kajangkungan
ketua, pupuhu
ketuanya, pupuhuna
keturunan,turunan
keuntungan,kauntungan
keyakinan,kayakinan
kidal,kã©dã©
kilat,kilat
kilat,kingkilaban
kimia,kimia
kini,ayeuna
kiri,kiwa
kiri,kénca
kirim,kintun
kirim,kirim
kiriman,kikirim
kiriman,kiriman
kisah,carita
kita,arurang
kita,urang
klien,klien
klub,klub
kode,kode
koin,kencring
koin,receh
kolam,balong
kolam,kulah
kolonel,kolonel
koloni,koloni
komandan,komandan
komik,komik
komisi,komisi
komitmen,jangji
komitmen,komitmen
kompetisi,kompetisi
komputer,komputer
komunikasi,komunikasi
komunis,komunis
kondisi,kondisi
kondom,kondom
konflik,konplik
konspirasi,konspirasi
konspirasi,sakongkolan
konstruksi,konstruksi
konsultan,konsultan
kontak,hubungan
kontak,kontak
kontrak,kontrak
koordinat,koordinat
kopi,kopi
koran,koran
korban,korban
korek,korã©k
koridor,koridor
korupsi,korupsi
kostum,acuk
kostum,anggoeun
kostum,raksukan
kota,kota
kotak,kotak
kotoran,runtah
kreatif,kã©rã©atip
kriminal,kriminal
kru,kru
ksatria,panglima
kuasa,kawasa
kuat,kiat
kuat,kuat
kubur,kuburan
kuburan,astana
kuburan,pusara
kucing,ucing
kuda,kuda
kue,kuã©h
kuil,kuil
kuliah,diajar
kuliah,kuliah
kuliahnya,kuliahna
kulihat,ditingal
kulit,kulit
kulkas,kulkas
kulkas,lomari es
kunci,konci
kuncinya,koncina
kuning,konéng
kunjungan,kadatangan
kunjungan,ngunjungan
kurang,kirang
kurang,kurang
kurang,teu cukup
kurangnya,kurangna
kurikulum,kurikulum
kurma,kurma
kursi,korsi
kursus,les
kusut,karijut
kutub,kutub
kutukan,kutukan
lab,lab
label,labã©l
label,tanda
laboratorium,laboratorium
laci,laci
laci,sorogan
ladang, kebon
lagu,lagu
lagu,nyanyaian
lagunya,kawihna
lahan,lahan
lahir,lahir
lahir,ngajuru
lain,lain
lainnya,lainna
laksamana,admiral
laksamana,amirulbahar
lama,lami
lamanya,lamina
lampu,lampu
landasan,dumasar
langit,langit
lantai,tã©hel
lapangan,lapang
lapis,lapis
laporan,laporan
laptop,laptop
larangan,larangan
lari,lumpat
las,las
laut,sagara
lautan,ambah
lautan,sagara
lawan,lawan
lawan,musuh
layar,layar
lbu,ambu
lbu,ema
lbu,indung
lbu,mamah
lebah,tawon
lebar,rubak
lebih,leuwih
ledakan,ledakan
leher,beuheung
lelah,capé
lelaki,lalaki
lelaki,pameget
lelucon,bobodoran
lelucon,hereuy
lem,lã©m
lemah,leuleus
lemari,lomari
lembar,kebet
lembar,lembar
lembut,halus
lemparan,balã©dogan
lengan,leungeun
lengan,panangan
lengkap,kumplit
letnan,letnan
libur,liren
liburan,liburan
lihat,ningal
lihat,tempo
lihat,tenjo
lihatlah,tingali
lingkaran,bunderan
lintasan,lintasan
listrik,listrik
lobi,lobi
logam,kencring
logam,logam
lokasi,enggon
lokasi,tempat
lomba,balap
lonceng,loncã©ng
lorong,gang
lorong,lurung
luas,lega
lubang,liang
luka,raheut
lunak,biyã©
lunak,emoy
lupa,hilap
lupa,poho
lupakan,hilapkeun
lupakan,pohokeun
lurus,lempeng
maaf,hampura
maaf,hapunten
maafkan,hapuntenna
mabuk,mabok
macan,maung
madu,madu
magang,magang
mahasiswa,mahasiswa
mahkota,makuta
mainan,amengan
mainan,cocooan
mainan,kaulinan
majalah,jilid
makan,dahar
makan,tuang
makanan,kadaharan
makanan,katuangan
makanya,matakna
makhluk,makhluk
makna,makna
maksud,maksad
maksudnya,maksadna
malaikat,malaekat
malam,peuting
malam,wengi
malamnya,peutingna
malu,era
malu,isin
mama,ema
mama,ibu
mama,indung
mampu,sanggup
mana,mana
manajemen,manajemen
mandi,ibak
manfaat,mangpaat
mangkok,mangkok
mangkuk,mangkok
manis,amis
mantan,tilas
mantra,mantra
manusia,jalma
manusia,jalmi
manusia,manusa
marah,ambek
marinir,marinir
markas,markas
masa,jaman
masa,mangsa
masak,masak
masalah,masalah
masehi,masehi
masjid,masjid
masuk,asup
masukan,asupan
masukkan,asupkeun
masuknya,asupna
masyarakat,balarea
masyarakat,masarakat
mata,panon
mata,soca
matahari,panonpoe
matang,asak
matanya,panonna
matematika,matã¨matika
mati,paeh
mau,daék
mau,hayang
mau,hoyong
mayat,layon
mayat,mayit
mayor,mayor
medali,medali
medan,enggon
medan,mã©dan
media,mã©dia
meja,meja
mekanik,mã©kanik
melatih,ngajar
melatih,ngalatih
memakai,maké
memakainya,makéna
memakan,ngadahar
memakannya,ngadaharna
membakar,ngabeuleum
membalas,ngabales
membangun,ngabangun
membantu,ngabantuan
membantumu,mantuan manéh
membatalkan,ngabatalkeun
membawa,mawa
membayar,mayar
membebaskan,ngabebaskeun
membela,ngabéla
membeli,meuli
membelokkan,melokeun
membelokkan,mengkolkeun
membenarkan,ngalereskeun
membentuk,nyieun
memberi,bikeun
memberi,mã©rã©
memberikan,dibikeun
memberitahu,mã©rã© nyaho
membersihkan,bebersih
membesar,ngabadagan
membunuh,ngarogahala
membunuhmu,ngarogahala
membunuhnya,maehan
memburu,moro
membutuhkan,meryogikeun
memegang,nyekelan
memelihara,ngajaga
memeluk,nangkeup
memenangi,meunang
memenangkan,meunangkeun
memencar,paburencay
memencarkan,paburencay
mementingkan,ngagantelkeun
memenuhi,minuhan
memerangi,gelut
memerankan,kalakuan
memeriksa,cék
memeriksa,marios
memerintah,nitah
memerlukan,meryogikeun
memori,kaã¨mutan
memori,memori
memukul,nakol
memukul,nenggeul
memukul,ngababuk
memulai,ngamimitian
memulai,ngawitan
menafsirkan,ngahartikeun
menafsirkan,ngahartoskeun
menaikkan,naekeun
menamakan,ngaranan
menamatkan,nganggeuskeun
menambah,nambih
menambahkan,nambihkeun
menanam,melak
menang,meunang
menangis, ceurik
menangkap,newak
menantu,minantu
menantunya,minantuna
menanyakan,naroskeun
menara,menara
menarik,ngadudut
menatap,neuteup
menawarkan,naswiskeun
mencabut,nyabut
mencaduk,ngaduk
mencair,ngalembereh
mencalonkan,nyalonkeun
mencampur,nyampur
mencampurkan,nyampurkeun
mencanangkan,nyatakeun
mencangkul,macul
mencapai,ngahontal
mencari,milarian
mencari,neangan
mencarikan,ngancurkeun
mencarinya,néangan
mencatat,nyatet
mencatatkan,nyatekeun
mencegah,nyegah
mencerdaskan,ngadidik
menceritakan,ngabejaan
menceritakan,nyaritakeun
mencerna,nyerna
mencetak,nyitak
mencintai,cinta
mencintaimu,bogoh ka anjeun
menciptakan,nyiptakeun
mencium,nyium
mencoba,nyobaan
mencuci,nyeuseuh
mencukup,cekap
mencukupi,cekap
mencukur,nyukur
mencuri,maok
mendaftar,ngadaptar
mendaftarkan,ngadapkeun
mendaki,naek
mendalami,ngajalajah
mendali,medali
mendampingi,ngiringan
mendanai,ngabiayaan
mendapat,meunang
mendapati,ngengingkeun
mendapatkan,meunangkeun
mendapatkannya,ngameunangkeun
mendasarinya,ngadasarkeun
mendatang,datang
mendatangi,datang ka
mendatangkan,mawa
mendefinisikan,nangtukeun
mendekam,ngalangkang
mendekat,ngadeukeutan
mendeklarasikan,nyatakeun
mendendangkan,nganyanyikeun
mendengar,nagdangu
mendengarkan,ngadangukeun
mendengarkan,ngadengekeun
mendengarkan,ngupikeun
mendengarnya,ngadangu eta
mendengarnya,ngadengekeun eta
mendengarnya,ngupingkeun eta
menderita,sangsara
mendesak,ngajurung
mendesak,pangjurung
mendeskripsikan,ngajentrekeun
mendeteksi,ngadeteksi
mendiami,nyicingan
mendidih,ngagolak
mendidik,ngadidik
mending,leuwih alus
mendingin,tenang
mendirikan,ngadirikeun
mendominasi,ngadominasi
mendorong,ngadorong
mendorongnya,nyorong eta
mendua,ngadua
menduduki,ngadiukan
mendudukkan,nyicingkeun
menduga,nebak
mendukung,ngadukung
mendukung,ngarojong
menebak,nebak
menebus,nebus
menekankan,nekenkeun
menelepon,nelepon
meneliti,nalungtik
menelpon,nelepon
menembak,némbak
menembus,nembus
menempati,nempatan
menempatkan,nempaketkeun
menempelkan,nempelkeun
menemui,manggihan
menemui,mendakan
menemukan,manggihan
menemukan,mendakan
menemukannya,manggihan eta 
menemukannya,mendakan eta
menentukan,nangtukeun
menenun,ninun
menerangi,nyaangan
menerangkan,ngajelaskeun
menerima,nampi
menerima,narima
menerjemahkan,narjamahkeun
meneruskan,neraskeun
meneruskan,ngalajengkeun
meneruskan,nuluykeun
menetap,cicing
menetapkan,muguhkeun
menetralkan,netralkeun
menewaskan,maehan
mengabadikan,ngalanggengkeun
mengabdi,ngabakti
mengadakan,ngayakeun
mengadopsi,ngadopsi
mengadopsi,ngukut
mengadu,ngadukeun
mengagumi,muji
mengajak,ngajang
mengajak,ngarojong
mengajar,ngajarkeun
mengajarkan,ngajarkeun
mengaji,ngaos
mengajukan,ngalebetkeun
mengakibatkan,ngakibatkeun
mengaku,rumaos
mengakui,rumaos
mengalahkan,ngelehkeun
mengalami,ngalaman
mengalihkan,mindahkeun
mengalihkan,ngalihkeun
mengalir,ngalir
mengamankan,ngamankeun
mengambang,ngambang
mengambil,mawa
mengambil,nyandak
mengambilnya,mawa eta
mengambilnya,nyandak eta
menganalisis,nganalisis
mengancam,ngancam
mengandalkan,gumantung kana
mengandung,ngandung
mengandungi,ngandung
mengangguk,unggeuk
mengangkat,ngangkat
mengangkatnya,ngangkat eta
mengangkut,ngangkut
menganjurkan,nyarankeun
mengantar,ngajajap
mengantar,nganter
mengantarkan,ngajajapkeun
mengantarkan,nganteurkeun
mengantarkannya,ngajajapkeun eta
mengantarkannya,nganterukeun eta
menganyam,ninun
mengapa,naha
mengarah,menerkeun
mengarah,ngarahkeun
mengarahkan,menerkeun
mengarahkan,ngarahkeun
mengasuh,ngasuh
mengatakan,ngomong
mengatakan,nyarios
mengatakannya,ngomongkeun
mengatakannya,nyarioskeun
mengatur,ngatur
mengawali,ngamimitian
mengawali,ngawalan
mengawasi,ngawaskeun
mengebom,ngabom
mengecam,ngahukum
mengecil,ngaleutikan
mengejar,ngudag
mengeksekusi,ngaéksekusi
mengelabui,nutupan kabohongan
mengelakkan,ngajauhan
mengelilingi,ngurilingan
mengelola,ngatur
mengelompokkan,ngelompokeun
mengeluarkan,ngaluarkeun
mengeluh,ngahuleng
mengemban,mawa
mengembara,ngumbara
mengenai,ngeunaan
mengenal,ngawanohkeun
mengenyam,gaduh
mengerikan,pikareueuseun
mengerjakan,ngadamelan
mengerjakan,ngagawean
mengerti,ngarti
mengerti,ngartos
mengetahui,nyaho
mengetahui,terang
mengetahuinya,nyaho eta
mengetahuinya,terang eta
menggabungkan,ngagabungkeun
menggaduh,nyieun ribut
menggali,ngali
menggambar,ngagambar
menggambarkan,ngagambarkeun
mengganggu,ngaganggu
mengganti,ngagentos
mengganti,ngahilikeun
menggantikan,ngagentoskeun
menggantikannya,ngagentoskeun
menggantinya,ngagentoskeun
menggantung,ngagantung
menggarap,ngagawean
menggendong,ngagandong
menggenggam,ngeupeul
menggerakkan,ngagerakeun
menggigit,ngagegel
menggonggong,ngagogog
menggoreng,ngagoreng
menggoyang,ngagoyang
menggugat,ngagugat
menggunakan,ngagunakeun
menggunakannya,make
menghabiskan,meakeun
menghadang,ngahalangan
menghadap,nyanghareup
menghadapi,nyangharuepan
menghadiri,datang
menghadiri,hadir
menghadiri,sumping
menghadirkan,ngadatangkeun
menghadirkan,ngahadirkeun
menghadirkan,nyumpingkeun
menghalangi,ngahalangan
menghambat,ngahalangan
menghancurkan,ngancurkeun
menghasilkan,ngahasilkeun
menghasut,ngahasut
menghentikan,eureun
menghentikannya,ngereunkeun
menghiasi,ngahias
menghibur,ngahibur
menghidangkan,ngalayangan
menghidangkan,nyampakeun
menghidupkan,ngahirupkeun
menghidupkan,ngahurugkeun
menghilang,ngaleungit
menghilangkan,ngaleungitkeun
menghimbau,pangjurung
menghimpun,ngumpulkeun
menghina,ngahina
menghina,ngécé
menghindari,ngajauhan
menghisap,nyeuseup
menghormati,ngahargaan
menghubungi,ngontak
menghubungkan,nyambungkeun
menghuni,nyicingan
mengidentifikasi,ngidentipikasi
mengikuti,ngiluan
mengikuti,nuturkeun
mengimpor,impor
mengindikasikan,nunjukeun
menginfeksi,nginféksi
mengingat,ngelingan
mengingat,ngemutan
mengingatkan,ngingetan
menginginkan,hayang
menginjak,ngalengkah
menginjak,nincak
menginspirasi,mere pentujuk
mengira,mikir
mengirim,ngirim
mengirimkan,ngirimkeun
mengiringi,ngiringi
mengisahkan,nyaritakeun
mengisi,eusian
mengiyakan,enya
mengiyakan,muhun
mengiyakan,sumuhun
mengizinkan,ngawidian
mengizinkan,ngidinan
mengkaji,diajar
mengklaim,klaim
mengkonfirmasi,mastikeun
mengkonsumsi,meakeun
mengkritik,nyempad
mengkritisi,nyempad
mengobati,ngobatan
mengobrol,nyarita
mengobrol,obrolan
mengolah,prosés
mengonfirmasi,mastikeun
mengonsumsi,meakeun
mengontrol,ngecék
mengoperasikan,ngaoprasikeun
mengorbankan,ngorbankeun
mengorbit,orbit
mengoreksi,mariksa
menguak,nembongkeun
menguasai,ngadominasi
menguat,nguatkeun
menguatkan,nguatkeun
mengubah,ngarobah
mengucapkan,ngauntapkeun
menguji,ngatés
mengukir,ngukir
mengukuhkan,mastikeun
mengukur,ngaukur
mengumandangkan,ngumandangkeun
mengumpulkan,ngumpulkeun
mengumumkan,ngabewarakeun
mengumumkan,ngumumkeun
mengundang,ngondang
mengundurkan,mundur
mengungkapkan,nyingkab
mengunjungi,nganjang
menguntungkan,nguntungkeun
mengurangi,ngurangan
mengurus,ngajaga
mengusahakan,narekahan
mengusahakan,ngausahakeun
mengusir,ngausir
mengusulkan,ngusulkeun
mengutip,mawa
menikah,kawin
menikahi,kawin
menikmati,ngarasakeun
menilai,meunteun
menimbulkan,ngabalukarkeun
menimpa,nimpa
meninggal,maot
meninggal,paeh
meninggal,pupus
meninggalkan,ngantunkeun
meninggalkan,ninggalkeun
meninggalnya,maotna
meninggalnya,paehna
meninggalnya,pupusna
meninggi,ngaluhuran
meningitis,meningitis
meningkatkan,naekeun
meningkatkan,ningkatkeun
menipis,ipis
meniru,nurutan
menirukan,tutruti
menit,menit
meniti,leumpang
menitik,ngeclak
menjadi,janten
menjadikan,nyieun
menjadikannya,nyieun
menjaga,ngajaga
menjajah,ngajajah
menjala,ngala lauk
menjalani,ngalaman
menjalankan,ngajalankeun
menjangkau,ngahontal
menjatuhkan,ngalengserkeun
menjatuhkan,ngalungsurkeun
menjauh,ngajauhan
menjawab,ngajwab
menjawab,ngawaler
menjelang,ngadeukeutan
menjelaskan,ngajelaskeun
menjerat,ngajebak
menjolong,nonjol
menjorok,nonjol
menjual,ngajual
menjualkan,ngajualkeun
menjualnya,ngajual
menjuarai,meunang
menjulang,ngahluhuran
menjunjung,hormat
menko,mentri koordinator
menolak,nolak
menolong,nulungan
menolongnya,mantuan manehna
menonton,lalajo
menopang,rojongan
menstruasi,haid
mentah,atah
mental,mã©ntal
mentari,panon poe
mentawai,mentawai
mentega,mantã©ga
menteng,menteng
menteri,menteri
mentor,pembimbing
mentri,meteri
menu,menu
menuai,metik
menuangkan,ngeurihkeun
menuangkan,nyicikeun
menuduh,nuduh
menukar,ngagentos
menular,tepa
menulis,nulis
menulis,nyerat
menuliskan,nuliskeun
menuliskan,nyeratkeun
menulisnya,nulisna
menulisnya,nyeratna
menumpang,milu numpak
menunda,nunda
menunggu,ngantosan
menunjang,rojongan
menunjuk,nujuk
menunjukkan,pintonan
menuntut,pamenta
menurun,ngurangan
menurunkan,nurunkeun
menurunnya,turunna
menurut,numutkeun
menurutnya,nurutkrun manehna
menutup,nutup
menyadari,sadar
menyajikan,ngalayanan
menyakiti,nganyenyeri
menyakiti,nyilakakeun
menyaksikan,lalajo
menyaksikan,ningalikeun
menyalahi,ngalanggar
menyalurkan,ngarakeun
menyamai,nyaruakeun
menyambung,nyambungkeun
menyambungkan,nyambungkeun
menyambut,ngabageakeun
menyampaikan,nepikeun
menyanggupi,satuju
menyangkal,mungkir
menyangkut,ngeunaan
menyanyi,ngahaleuang
menyanyi,ngalagukeun
menyanyikan,ngahaleuangkeun
menyanyikan,ngalagukeun
menyarankan,nyarankeun
menyatakan,nyatakeun kayaan
menyatu,ngahiji
menyatukan,ngahijikeun
menyebab,ngabalukarkeun
menyebabkan,ngabalukarkeun
menyebar,nyebar
menyebarkan,nyebarkeun
menyeberangi,meuntas
menyebut,nyebut
menyebutkan,nyebutkeun
menyebutnya,nyebutkeun
menyediakan,nyadiakeun
menyedihkan,sedih
menyekat,misahkeun
menyelam,teuleum
menyelamatkan,nyalametkeun
menyelesaikan,ngabereskeun
menyelesaikan,ngarengsekeun
menyelidiki,nalungtik
menyelip,nyelap
menyembunyikan,nyumpukeun
menyempurnakan,nyempurnakeun
menyenangkan,pikareseupeun
menyentuh,keuna
menyerah,pasrah
menyerahkan,masrahkeun
menyerahkan,nyerahkeun
menyerang,narajang
menyerangnya,nyerang manehna
menyerap,nyerep
menyertakan,ngalampirkeun
menyeru,nyauran
menyerupai,nyarupaan
menyesal,kaduhung
menyesuaikan,nyesuaikeun
menyetujui,satuju
menyewa,nyewa
menyiapkan,nyiapkeun
menyiarkan,nyiarkeun
menyimpan,nendeun
menyimpan,nunda
menyimpan,nyimpen
menyimpang,nyaliwang
menyimpulkan,nyimpulkeun
menyingkirkan,ngaleungitkeun
menyingkirkan,nyingkirkeun
menyisakan,nyesakeun
menyuarakan,nyora
menyukai,resep
menyukainya,resep pisan
menyumbang,nyumbangkeun
menyumbangkan,nyumbangkeun
menyusui,nyusuan
menyusul,nuturkeun
menyusul,nyusul
menyusun,nyusun
menyusut,ngaleungitkeun
merah,beureum
merahasiakan,ngarahasiakeun
merahasiakan,rusiah
meraih,ngahontal
merajai,ngaraja
merambah,nembus
merambat,ngarayap
merancang,ngarancang
merantau,ngumbara
meranti,meranti
merapi,merapi
merasa,ngaraos
merasa,ngarasa
merasakan,ngaraoskeun
merasakan,ngarasakeun
merata,sarua
merauke,merauke
merawat,perawat
merayakan,ngarayap
merbau,merbau
merebus,ngulub
merebut,ngarebut
merek,mã©rek
mereka,manã©hna
merpati,dederuk
merpati,japati
mertua,mitoha
mertuanya,mitohana
merubah,ngarobah
mesin,mesin
mesjid,masjid
miliki,ngabogaan
militer,militer
mimpi,impi
mimpi,ngimpi
minggu,ahad
minuman,inuman
minyak,lisah
minyak,minyak
misteri,misteri
mitos,mitos
mobil,mobil
mode,mode
momen,kajadian
momen,waktos
monitor,monitor
monitor,pangawasan
monyet,monyã©t
motor,motor
moyang,karuhun
moyang,luluhur
moyang,uyut
muka,beungeut
muka,raray
mulut,baham
mulut,sungut
murid,murid
museum,musium
musim,usum
musisi,musisi
musuh,musuh
musuh,satru
mutan,mutan
mutiara,mutiara
nada,nada
nafas,napas
naga,naga
naluri,insting
narapidana,narapidana
narkoba,narkoba
nasib,kulak cangeum
nasib,nasib
nasib,titis tulis
nasional,nasional
naskah,karangan
naskah,naskah 
natal,natal
negara,nagara
negeri,nagari
nelayan,pamayang
nenek,nini
neraka,naraka
nilai,peunteun
noda,kokotor
nomor,nomer
nona,mojang
nona,nyai
nuklir,nuklir
nyawa,nyawa
nyonya,garwa
nyonya,istri
nyonya,pamajikan
obat,landong
obat,ubar
objek,objã©k
objek,obyã©k
obrolan,cacariosan
obrolan,cacaritaan
obrolan,obrolan
oksigen,oksigen
olahraga,olahragi
olimpiade,olimpiade
opera,opera
operasi,bedah
operasi,operasi
opsir,opsir
orang,jalma
orang,jalmi
orang,jelema
orangtua,indung bapa
orbit,orbit
organisasi,paguyuban
otak,polo
otak,uteuk
otot,otot
pabrik,pabrik
pacar,kabogoh
padang,lapangan
padang,padang
paduka,kangjeng
pagar,kuta
pagar,pager
pagi,isuk-isuk
pahlawan,pahlawan
pajak,pajak
pakaian,acuk
pakaian,anggoeun
paku,paku
paman,amang
paman,emang
paman,mamang
pameran,pamã©ran
panah,jamparing
panah,panah
pandangan,pamandangan
pandangan,tetempoan
panduan,panduan
panduan,tata cara
panel,panel
panggilan,landih
panggilan,pang-gero
panggung,panggung
pangkalan,pangkalan
panjang,panjang
panjang,paos
pantai,basisir
pantat,birit
pantat,bujur
pantat,imbit
papa,abah
papa,apa
papan,papan
parasit,mangandeuh
parkir,parkir
partai,partai
paruh,pamacok
paruh,pamatuk
pasangan,jodo
pasar,pasar
pasir,keusik
pasokan,kiriman
pasokan,pasokan
pasta,pasta
pastor,pastor
pasukan,pasukan
patung,patung
paus,paus
payudara,pinareup
payung,payung
pecandu,pacandu
pecundang,euweuh kawani
pedang,gobang
pedas,lada
pedas,seuhah
pegangan,cekelan
pegawai,pagawã©
pegunungan,gugunungan
pejabat,pajabat
pejuang,pajoang
pekan,minggu
pekerja,pagawã©
pelabuhan,palabuhan
pelajaran,pangajaran
pelaku,palaku
pelanggaran,palanggaran
pelatih,palatih
pelatihan,palatihan
pelawak,tukang ngabodor
pelayan,palayan
pelayanan,palayanan
pelayanan,pangladã©n
peliharaan,ingon-ingon
peliharaan,piaraan
pelindung,lindung
pelindung,nu ngajaga
pemakaman,astana
pemakaman,kaluat
pemakaman,kuburan
pemakaman,pajaratan
pemakaman,pusara
pemanah,pamanah
pemandangan,tetempoan
pemarah,ambekan
pembasmi,panumpes
pembeli,nu meuli
pembeli,nu mã©sã©r
pembeli,nu ngagaleuh
pemberi,nu mã©rã©
pemberitahuan,uaran
pemberitahuan,ã©mbaran
pembicaraan,jejer
pembuangan,pamiceunan
pembuat,nu ngadamel
pembuat,nu ngajieun
pembuka,bubuka
pemburu,pamatang
pemegang,panyekel
pemenang,jawara
pemenang,pinunjul
pemeriksaan,pamariosan
pemerintahan,pamarã¨ntah
pemikiran,pamikiran
pemilik,nu-boga
pemimpin,pamingpin
pemuda,bujang
pemuda,jajaka
pena,pulpã©n
penakut,borangan
penampilan,dangdanan
penampilan,tagog
penampungan,panampungan
penawar,panawar
pencari,panã©ang
pencarian,paneangan
pencipta,panyipta
pencuri,bangsat
pencuri,maling
pencurian,kamalingan
pendarahan,getihan
pendekar,jawara
pendidikan,atikan
pendidikan,winaya
penduduk,nu nempatan
penduduk,nu nyicingan
pendukung,pangarojong
penelitian,panalitian
penembak,panã©mbak
penemuan,panggihan
penemuan,pendakan
penenang,panenang
pengadilan,pangadilan
pengakuan,pangakuan
pengalaman,kanyaho
pengalaman,pangalaman
pengangkutan,ngangkut
penganiayaan,panganiayaan
pengantar,bubuka
pengantaran,pangiriman
pengantin,panganten
penganut,panganut
penganutnya,panganut
pengap,eungap
pengaruh,pangaruh
pengaturan,pangaturan
pengawal,ponggawa
pengawas,pangawas
pengawasan,pangawasan
pengendalian,pangawasan
pengerjaan,ngolah
pengetahuan,ã©lmu
penggabungan,ngahijikeun
penggadai,tukang gadai
penggemar,panggemar
penghalang,halangan
penghalang,penghalang
penghargaan,panghargaan
penghubung,panghubung
penghuni,babakan
penghuni,nu nyicingan
pengikut,pamilu
penginapan,panginepan
penginapan,pangrereban
pengkhianat,pangheanat
pengobatan,pangubaran
penguasa,pangawasa
penilaian,pameunteunan
penilaian,panilã©yan
penipu,tukang nipu
penis,kanjut
penis,larangan
penis,sirit
penjahat,durjana
penjara,panjara
penjelasan,guaran
penjelasan,wawaran
penjualan,dagangeun
penjualan,icaleun
penonton,panongton
penulis,nu nulis
penulis,panulis
penutup,panutup
penyakit,kasakit
penyakit,panyakit
penyelamat,panulung
penyelidikan,laratan
penyelidikan,raratan
penyembuh,panyageur
penyerang,panyerang
penyerangan,nyerangan
penyiar,panyiar
penyiksaan,panyiksaan
penyusup,panyusup
peperangan,jurit
perahu,parahu
perairan,pacaian
perak,pã©rak
peralatan,parabot
peramal,dukun
peramal,jalmi pinter
perampok,bã©gal
perampok,parampok
perampokan,karampokan
perang,jurit
perangkap,parangkap
perasaan,raraosan
perasaan,rarasaan
peraturan,aturan
perawan,mojang
perawan,parawan
perawat,parawat
perawatan,parawatan
perayaan,hajatan
perbatasan,pangwates
perbuatan,gawã©na
percakapan,ungang
perceraian,pepegatan
perceraian,pipisahan
perdagangan,kadagangan
perdagangan,kaicalan
perdamaian,katengtraman
perdamaian,katengtreman
perempuan,istri
pergi,indit
pergi,mios
perhatian, atensi 
perhatiannya, atensina 
peri,peri
periode,pã©riodeu
peristiwa,kajadian
perjalanan,lalampahan
perjalanannya,lalampahan
perjanjian,perjangjian
perkataan,cariosan
perkataan,omongan
perkelahian,gelut
perkelahian,pasã¨a
perkemahan,pakã©mahan
perkiraan,angkanan
perkiraan,taksiran
perkiraan,wangwangan
perkumpulan,paguyuban
perlawanan, lalawanan
perlindungan,panangtayungan
perlombaan,balap
perlombaan,palombaan
perlu,perlu
perlu,peryogi
permainan,kaulinan
permanen,permanã©n
permanen,tetep
permen,permã©n
permintaan,kahayang
permintaan,kahoyong
permisi,permios
permisi,punten
permukaan,permukaan
pernah,kantos
pernah,kungsi
pernikahan,nikahan
pernyataan,parnyataan
perpustakaan,perpustakaan
persahabatan,ngababaturan
persediaan,sadia
persegi,pasagi
persidangan,pangadilan
persimpangan,pasimpangan
persimpangan,simpang
pertahanan,pataneuhan
pertama,kahiji
pertandingan,tanding
pertanyaan,patarosan
pertarungan,gelut
pertemuan,lawungan
pertengkaran,pacogregan
pertengkaran,papasã©aan
pertolongan,tulungan
pertunangan,tunangan
pertunjukan,lalajoaneun
pertunjukan,partunjukan
pertunjukan,pintonan
perubahan,parobahan
perusahaan,pausahaan
perusak,nu ngarusak
perut,beuteung
perut,lambut
perut,patuangan
pesan,pesen
pesanan,pesenan
pesantren,pesantrã©n
peserta,anu miluan
peserta,anu ngiringan
peserta,pamilon
pesta,hajat
pesta,pesta
peta,peta
petani,patani
petarung,patarung
peternakan,paternakan
peti,peti
petinju,patinju
petir,guluduk
petugas,patugas
petunjuk,parã©ntah
piano,piano
piatu,pahatu
piatu,piatu
pidato,biantara
pihak,pihak
pikiran,pikiran
pikirkan,pamikiran
pil,pil
pilihan,pilihan
pilot,pilot
pimpinan,ketua
pimpinan,pingpinan
pimpinan,pupuhu
pin,bros
pin,pin
pinggang,bobokong
pinggang,cangkã©ng
pinggir,sisi
pinjaman,injeuman
pintar,singer
pintu,lawang
pintu,panto
pintunya,pantona
pipa,cangklong
pipa,pipah
piring,piring
pisah,misah
pisang,cau
pisau,peso
pistol,bedil
pistol,pestol
pita,pita
pizza,pizza
planet,planet
plat,pelat
plat,plat
pohon,tangkal
poin,poin
pola,conto
polisi,pulisi
politik,politik
politisi,pulitisi
pondok,pondok
ponsel,telepon
populasi,populasi
porno,cawokah
porno,jorang
pos,pos
posisi,posisi
positif,positip
prajurit,prajurit
prajurit,soldadu
pramuka,pramuka
preman,prã©man
pria,bujang
pria,lalaki
pria,pameget
pribadi,pribadi
pribadi,pribados
pribadi,sorangan
pribadinya,pribadosna
produk,produk
profesor,profesor
program,program
program,rarancang
properti,properti
prosedur,cara
proses,prosés
prosesnya,prosésna
psikologi,psikologi
psikopat,psikopat
publik,umum
puisi,puisi
pujian,aleman
pukul,babuk
pukul,jam
pukul,tabuh
pukul,takol
pukul,teunggeul
pukulan,peureup
pukulan,teunggeulan
pulang,balik
pulang,uih
pulangnya,balikna
pulangnya,uihna
pulau,pulo
puluhan,puluhan
punah,punah
puncak,penclut
puncak,ponclot
puncak,poncot
punya,boga
purnama,purnama
pusat,pusat
putaran,puteran
putih,bodas
putra,anak lalaki
putri,awewe
putus,pegat
rabu,rebo
racun,peurah
racun,racun
racun,warangan
radiasi,radiasi
radio,radio
radiologi,radiologi
radius,radius
rahasia,rasiah
rahasia,rusiah
raja,raja
rajin,getol
raksasa,buta
raksasa,raksasa
rakyat,rahayat
rakyat,rakyat
ramai,ramé
rambut,buuk
rambutnya,buukna
rancangan,konsã©p
rangka,rangka
rangking,rangking
ranjang,risbang
rantai,rantã¨i
rapat,kempelan
rapat,rapat
rapuh,rapuh
rasa,rasa
rasakan,ngarasakeun
rasanya,rasana
rasul,rasul
rata,rata
ratu,ratu
rawa,embel
rebus,kulub
rehabilitasi,rehabilitas
rekaman,rekaman
rekan,baturan
rekan,rencang
rekannya,babaturanna
rekening,rekening
rektor,rektor
remaja,jajaka
remaja,nonoman
rencana,rencana
rendah,pendék
replika,replika
reporter,reporter
republik,republik
resiko,akibat
resmi,resmi
resminya,resmina
restoran,restoran
reuni,reuni
riang,gumbira
ribuan,rébuan
rindu,sono
ringan,hampang
riset,panulungtikan
risiko,mamala
ritual,kabiasaan
ritual,ritual
robot,robot
roda,ban
roda,kikiping
roh,roh
rokok,rokok
rokok,udud
roman,pande
roman,parangi
roman,riuk
rompi,rompi
rongsokan,rongsokan
roti,mari
roti,roti
ruang,rohang
ruangan,rohangan
rujuk,rempung
rumah,bumi
rumah,imah
rumah,rorompok
rumput,jukut
rusa,uncal
rute,jalur
sabuk,beubeur
sabun,sabun
sahabat,babaturan
sahabat,sobat
sahabat,sumitra
saham,saham
sakit,gering
sakit,teu damang
sakit,udur 
saksi,saksi
salad,salad
salam,salam
salju,salju
saluran,talang
saluran,walahar
sampah,runtah
sampai,nepi
samping,gigir
samping,sisi
sampingnya,gedengeun
sampingnya,gigireun
samurai,samurã©i
sandera,sandra
sandi,isarat
sandi,kode
sangat,meni
sanggup,sanggem
santa,santa
santan,cai pati
sapi,sapi
sapotong,seurina
sapu,sapu
saran,bongbolongan
sarang,sarang
sarapan,mumuluk
sarapan,nyarap
sarapan,sasarap
sarjana,sarjana
sarung,sarung
satelit,satelit
saudara,dulur
saudara,wargi
sawah,sawah
sawah,serang
sbb,jeung sajabana
sebab,kumargi
sebagian,sawareh
sebaiknya,sakedahna
sebaiknya,sakuduna
sebaliknya,sakedahna
sebaliknya,sakuduna
sebanyak,salobana
sebanyak,saseueurna
sebaris,sajajar
sebatang,sabatang
sebelah,sapasi
sebelum,memeh
sebelumnya,sateuacanna
sebenarnya,saleresna
sebentar,sakedap
seberang,meuntas
seberapa,sakumaha
sebesar,saageung
sebesar,sagédé
sebotol,sabotol
sebulan,sasasih
sebut,sebat
sebutan,sebatan
sebutkan,sebatkeun
secepatnya,saenggalna
secukupnya,sacekapna
sedang,nuju
sedap,raos
sederajat,sadarajat
sederet,sajajar
sediakan,nyediakeun
sedih,sedih
sedih,sungkawa
sedikit,saalit
sedikit,saeutik
sedikitnya,saalitna
sedikitnya,saeutikna
sedunia,sadunya
segaris,sagurat
segera,saenggalna
segitiga,sagitiga
sehabis,saatos
sehabis,saparantos
seharga,sapangaos
sehari,sapoe
seharusnya,sakedahna
seharusnya,sakuduna
sehat,walagri
sehingga,janten
seimbang,saimbang
sejajar,sajajar
sejak,saprak
sejarah,sajarah
sejauh,sajauh
sejumlah,sajumlah
sekaki,sasampean
sekitarnya,sabudeureunana
sekitarnya,sakurilingna
sekolah,sakola
sekolahnya,sakolana
sekretaris,sekretaris
seks,seks
sektor,sektor
sekumpulan,rombongan 
sekumpulan,sakumpulan
sel,sel
selai,salã©
selain,sajaba
selain,salian
selalu,sok
selama,salamina
selama,salila
selamanya,salamina
selamanya,salawasna
selamat,salamet
selamat,wilujeng
selamatkan,salametkéun
selasa,salasa
selat,selat
selatan,kidul
selepas,réngsé
selepas,saatos
selera,salera
selesaikan,dipungkas
selimut,simbut
seluruh,kabã©h
seluruhnya,kabéhanana
semak,dungus
semak,gerembel
semak,rã©mbã©t
semalam,sapéuting
sembilan,salapan
sementara,samentawis
sementara,sementara
semesta,marcapada
semesta,semesta
semester,semã©ster
semestinya,kuduna
seminar,seminar
seminggu,saminggon
seminggu,saminggu
semoga,muga
semoga,mugia
sempit,heureut
semprotan,panyemprot
sempurna,sampurna
semua,kabeh
semua,sadaya
semuanya,sadayana
semuanya,sarerea
semula,kawitna
semula,mimiti
semut,sireum
senang,raos manah
senang,senang
senapan,bedil
senapan,cuplis
senapan,loco
senat,sã©nat
senator,senator
sendiri,nyalira
sendiri,sorangan
sendirian,nyalira
sendirian,nyorangan
sendirinya,salira
sengaja,ngahaja
seni,seni
senin,senã¨n
senior,sã©nior
senjata,pakarang
sensor,sã©nsor
senyum,gelenyu
senyum,mesem
senyum,seuri
seorang,nyalira
sepaham,sapaham
sepak,tajong
sepakbola,maen ball
separuh,satengah
separuh,sawareh
sepasang,sajodo
sepasang,salayan
sepatu,sapatu
sepenuhnya,sapinuhna
seperti,sapertos
sepertiga,hiji per tilu
sepertinya,sapertosna
sepiring,sapiring
seragam,saragam
serangan,serangan
serangga,gegemetan
seratus,saratus
serikat,kumpulan
serikat,sarikat
sering,mindeng
sering,remen
serius,daria
sersan,sersan
serum,ramuan
serupa,sarupa
sesama,papada
seseorang,saurang
sesuai,luyu
sesuatu,hiji hal
sesungguhnya,saéstuna
setahun,sataun
setan,jurig
setara,satara
setelah,saatos
setelah,saenggeus
setengah,satengah
seterusnya,saterusna
setia,satia
setiap,saban
setiap,unggal
setinggi,luhurna
setuju,sapuk
seumpama,saumpama
seumur,saumur
shalat,solat
siang,beurang
siap,siap
siapa,saha
siapapun,saha waã©
siapkan,siapkeun
siapkan,tataharkeun
siaran,ngudara
siaran,ã©mbar
siaran,ã©mbaran
sibuk,riweuh
sidang,sidang
sifat,sipat
sifatnya,sipatna
sihir,sihir
sikap,paripolahna
sikat,nyikat
sikat,panyikat
sikat,sikat
siklus,siklus
silahkan,mangga
silakan,sumangga
simbol,tanda
simpan,simpen
simpan,teundeun
simpanan,simepenan
simpanan,teumdeunan
sinar,sinar
sindrom,sindrom
sinetron,sinetron
singa,barong
singgah,nyimpang
sini,kadiéu
sinonim,sinonim
sinyal,sinyal
sirkuit,sirkuit
sisa,sesa
sisanya,sésana
sisi,sisi
sisinya,sisina
sistem,sistem
sistem,sistim
siswa,murid
situs,loka
situs,situs
skala,skala
skenario,skã©nario
ski,ski
soal,soal
sobat,balad
sobat,sobat
solo,anggana
sombong,songong
sopir,sopir
sore,soré
sosial,sosial
sosialisasi,sosialisasi
sosiologi,sosiologi
sosok,sosok
spesialis,ahli
spesies,jenis
sponsor,seponsor
stadion,stadion
standar,sedeng
stasiun,stasiun
status,status
statusnya,statusna
strategi,strategi
stroke,stroke
studi,panalungtikan
studi,sakola
studio,studio
suami,salaki
suaminya,carogena
suaminya,salakina
suara,sora
suaranya,sorana
suasana,kaayaan
suci,suci
sudah,saenggeus
sudah,saparantos
sudut,juru
suka,resep
sukarelawan,sukarã©lawan
sukses,sukses
suku,suku
sulap,sulap
sulit,hésé
sulit,sesah
sulitnya,hesena
sulitnya,sesahna
sultan,raja
sultan,sultan
sumbangan,sumbangan
sumber,asal
sumpah,jangji
sumpah,sumpah
sumur,sumur
sunah,sunah
sungai,walungan
sungguh,naha leres
sunnah,sunah
suntik,suntik
suntikan,suntikan
sup,sop
supaya,supados
surat,surat
suratnya,suratna
surga,sawarga
suruh,titah
survei,survey
surya,panonpoã©
surya,suria
susah,hésé
suster,suster
susu,susu
sutra,sutra
syarat,sarat
system,sistem
syukuran,sukuran
tabrakan,paadu
tadi,tadi
tagihan,tagiheun
tahan,tahan
tahanan,tahanan
tahap,tahap
tahapan,tahapan
tahun,taun
tahun,warsih
tahunnya,apalna
tahunnya,nyahona
tahunnya,terangna
tajam,séukéut
takbir,takbir
takdir,takdir
taksi,taksi
takut,siéun
tali,tali
taman,taman
tambah,nambah
tambahan,tambahan
tambahan,tambihan
tambang,tambang
tampaknya,kacirina
tampan,kasep
tamu,sã©mah
tamu,tamu
tanah,lemah
tanah,taneuh
tanahnya,tanéuh
tanam,pelak
tanaman,pepelakan
tanaman,taneman
tanaman,tutuwuhan
tanduk,tanduk
tang,catut
tang,gã©gã©p
tang,panyapit
tang,tang
tangan,kokod
tangan,leungeun
tangan,panangan
tangannya,lengéunna
tangga,tangga
tangga,tarajã©
tanggal,kaping
tanggal,ping
tanggal,tanggal
tanggung,tanggung
tangkap,ditéwak
tangki,tangki
tank,tã©ng
tank,tã©ngki
tantangan,tangtangan
tanya,nyarios
tapi,tapi
target,inceran
tarian,ibingan
tarian,jogã¨dan
tarian,tandakan
taring,sihung
taruhan,tarohan
tato,tato
tau,apal
tawar,nawis
tawaran,nawaran
tebal,kandel
tebing,gawir
teh,entã©h
teh,tã©h
teknik,teknik
teknis,teknis
teknisi,teknisi
teknologi,tã©knologi
telah,atos
telah,géus
telanjang,buligir
telefon,telepon
telepon,telepon
televisi,tipi
telinga,ceuli
telor,endog
telpon,telepon
telur,endog
telurnya,endogna
tema,jejer
teman,babaturan
teman,rã©rã©ncangan
teman,sobat
temannya,babaturanna
tembakan,tembakan
tembok,abar
tembok,tã©mbok
temen,babaturan
tempat,tempat
temui,papanggih
tenaga,tanaga
tenaga,tanagi
tenang,tengtrem
tengah,tengah
tentang,ngéunaan
tentara,tantara
tenun,tenun
teori,teori
teorinya,teorina
tepat,pas 
tepi,ujung
tepian,sisi
terakhir,pamungkas
terang,caang
terbaik,nyongcolang
terbakar,kahuruan
terbalik,kabalik
terbang,hiber
terbangun,kabangun
terbanyak,pangseueurna
terbawa,kabawa
terbentuk,kabentuk
terbit,medal
terbuka,kabuka
tercapai,kacapai
tercepat,enggal
tercuci,ka kukumbah
tercuci,kacuci
terdahulu,tiheula
terdapat,aya
terdekat,pangdéuketna
terdengar,kadenge
terdengar,kakuping
terhalang,kahalang
terhubung,kahubung
terimakasih,nganuhunkéun
teringat,kaingat
terjadi,lumangsung
terjadinya,kajadianna
terjatuh,labuh
terjual,geus kajual
terkecil,pangalitna
terkejut,reuwas
terkenal,kakoncara
terkenal,kasohor
terkenal,kawentar
terlambat,telat
terlihat,kadeuleu
terlihat,katenjo
terlihat,katingali
terminal,terminal
ternak,ingon-ingon
ternak,sato piaraan
ternak,tatanã©n
ternyata,nyatana 
teror,neror
teroris,tã©roris
terowongan,torowongan
terpikir,kapikir
terpikir,kaã©mut
terpilih,kapilih
terpisah,kapisah
terpisahkan,kapisahkeun
terpotong,kapotong
terputus,kapegatkeun
tersangkut, sangkut
tersangkut,nyangsang
tersebar,nyebar
tersebut,kasebat
tersebut,kasebut
terserah,kumakarep
tersimpan,kasimpén
tersinggung,kasigeung
tersisa,nyesa
tertangkap,katewak
tertarik,kabetot
tertarik,katarik
tertentu,nu tangtu
tertua,cikal
tertua,kokolot
tertua,pangkolotna
tertuang,katuang
tertutup,katutup
terus,teras
terutama,utamina
tetangga,tatangga
tetangga,tatanggi
tetangganya,tatanggana
tetap,angger
tetapi,nanging
tewas,paeh
tiada,eweuh
tiang,tihang
tiangnya,tihangna
tiarap,langsud
tiba,sumping
tidak,henteu
tidak,teu
tidur,héés
tidur,kulem
tidur,saré
tiga,tilu
tikungan,mengkol
tikungan,pengkolan
tikus,beurit
tim,grup
tim,tim
timur,wã©tan
tindak,lampah
tindih,nindih
tinggal,ancik
tinggalnya,ancikna
tinggi,luhur
tingginya,luhurna
tingkat,tahap
tingkat,tingkat
tinju,tinju
tipis,ipis
tirai,kasang
titik,cecek
titik,titik
tiup,niup
toilet,jamban
toko,toko
toko,warung
tokoh,dedengkot
tokoh,inohong
tokoh,tokoh
tol,tol
toleransi,toleransi
tolong,tulung 
tolonglah,tulungan
tomat,tomat
tombol,tombol
tong,tong
tongkat,iteuk
tongkat,tongkat
tontonan,tongtonan
topeng,kedok
topi,topi
total,total
tradisi,adat
tradisi,tabiat
tradisional,tradisional
trik,trik
truk,treuk
tua,kolot
tua,sepuh
tubuh,awak
tubuh,badan
tubuh,salira
tubuhnya,awakna
tuduhan,tudingeun
tugas,pancã©n
tugas,tugas
tugasnya,pancénna
tugu,tugu
tuhan,gusti
tuhan,pangã©ran
tujuan,tujuan
tujuannya,tujuanna
tujuh,tujuh
tukang,purah
tukang,tukang
tulang,tulang
tulen,asli
tulis,nulis
tulisan,seratan
tulisannya,seratanna
tumbang,runtuh
tumbuh,tumuwuh
tumbuhan,tutuwuhan
tumit,keuneung
tumpah,bahã©
tumpah,lã©bã©r
tumpukan,gundukan
tumpul,mintul
tunangan,papacangan
tunas,sirung
tunduk,ngeluk
tunggu,antosan
tunggu,dagoan
tunjuk,nunjuk
tunjuk,tã©mbong
tunjukkan,nunjukkeun
tunjukkan,tã©mbongkeun
tupai,bajing
tur,tur
turis,bulã©
turis,turis
turun,lungsur
turun,pudun
turun,turun
turunan,lungsuran
turunan,pudunan
turunan,turunan
turunkan,turunkeun
tutup,kekeb
tutup,turub
tutup,tutup
uang,acis
uang,artos
uang,duit
uangnya,acisna
uangnya,artosna
uangnya,duitna
uap,uap
ubi,beuti
ucapan,omongeun
ucapan,ucapeun
udang,hurang
udang,udang
udara,hawa
ujian,cobian
ujian,cocoba
ujian,cocobi
ujian,ujian
ujung,tungtung
ujungnya,tungtungna
ukur,ngukur
ukuran,ukuran
ukurannya,ukuranna
ulama,ulama
ulang,déui
ular,oray
umat,umat
umpama,upama
umpama,utami
umpamanya,upamana
umpamanya,utamina
umpan,eupan
umum,biasa
umum,lumrah
umum,umum
umumnya,umumna
umur,umur
umur,yuswa
umurnya,umurna
umurnya,yuswana
undangan,ondangan
ungu,gandaria
unit,unit
universal,universal
universitas,universitas
untuk,kanggo
untuknya,kanggo
untuknya,kanggã©
untung,untung
upacara,upacara
upaya,narekahan
upayanya,usahana
urusan,kaperluan
urusan,peryogi
urusan,priyogi
urutan,runtuy
urutan,untuy
usah,teu kã©nging
usah,tong
usah,ulah
usaha,ihtiar
usaha,usaha
usahanya,usahana
usai,anggeus
usai,parantos
usai,rã©ngsã©
usia,umur
usia,yuswa
uskup,uskup 
ustad,guru
ustad,ustad
utama,utami
utamanya,utamina
utara,kalã©r
utusan,parwakilan
utusan,utusan
utusan,wawakil
vampir,vampir
ventilasi,pã©ntilasi
ventilasi,ventilasi
video,vidio
wabah,gebug
wabah,pagebug
wabah,sasalad
wadah,enggon
wadah,wadah
wafat,maot
wafat,pupus
wafat,tilar dunya
wafatnya,tilar dunya
wajah,beungeut
wajah,pemeunteu
wajah,raray
wajahnya,beungeutna
wajahnya,pameunteuna
wajahnya,rarayna
wajib,kudu
wajib,wajib
wakil,wawakil
wakilnya,wawakil
waktu,waktos
waktu,waktu
waktu,wanci
waktunya,waktosna
walaupun,sanajan
wali,wawakil
walikota,walikota
wangi,seungit
wanita, awã©wã©
wanita,istri
warga,warga
warganya,wargana
warna,pulas
warna,warna
warnanya,warnana
warta,warta
wartawan,wartawan
warung,warung
wasiat,amanat
wasiat,wangsit
wasiat,waris
watak,tabã©at
watak,watek
wawancara,wawancara
wilayah,wilayah
wilayahnya,wewengkonna
wisuda,diistrã©nan
wisuda,kalulusan
yaitu,nyaã©ta
yakni,nyaã©ta
yang,anu
yang,nu
zaman,jaman
zamannya,jaman
zamannya,mangsa
zat,jat
ziarah,jiarah
zona,wã©wã©ngkon